,,,,,,,,,
,PJT 問題点管理表　利用後はフィルタ解除の事,,,,,横河記載,,,
,No,起票日,発生元,件名,サブシステム名,サブシステム名,機能名,不具合内容,対応内容
列1,No,起票日,製油所,(テストケース),(問題発生),(主たる修正対象),機能名,不具合内容,対応内容
,0001,2025/02/25,千葉,マスタ管理,M：マスタ管理,M：マスタ管理,"VIMX000004_マスタ-編集
VIMX000005_マスタ-検索
","■事象
マスタ管理のVIMX000004とVIMX000005の画面において下段の実行ボタンがずれている
■あるべき姿","■原因
ボタンを配置する領域の設定サイズが小さかったためです。

■対策
すべてのボタンが一行で表示されるようにサイズを修正致します。
"
,0002,2025/02/26,千葉,S25 3-20,C：進捗管理,C：進捗管理,VICB040902_揚荷記録表(1時間),"■事象
進捗管理-揚荷記録表の船名等表示欄がずれている。
■あるべき姿
","■原因
予定量 - 換算量の数量の枠が大きく表示されていたためです。

■対策
タイトル行に合わせて修正致します。
"
,0003,2025/02/27,千葉,,X：共通,X：共通,VIXX000005_システム定数明細,"■事象
システム管理-システム定数明細の画面サイズが小さくスクロールバーが表示されてしまう。

■あるべき姿","■原因
システム定数明細の画面の表示領域が小さかったためです。

■対策
表示領域を修正致します。
"
,0004,2025/02/27,千葉,,X：共通,X：共通,"VIMX000001_マスタ一覧
VIXL000001_操作履歴一覧
VIXL000002_操作履歴詳細
VIXX0000007_掲示板情報一覧
VIXX000004_システム定数一覧
VIXH000001_取引先検索_国外
VIEX020307_ロット性状データ表示
","■事象

画面表示において全体の表示がスクロールでずれてしまう。
","■原因
スクロールが画面表示領域よりの伸びているためです。

■対策
画面内に収まるようサイズを修正致します
VIMX000001_マスタ一覧
VIXL000001_操作履歴一覧
VIXL000002_操作履歴詳細
VIXX000007_掲示板情報一覧
VIXX000004_システム定数一覧
VIXH000001_取引先検索_国外
VIEX020307_ロット性状データ表示"
,0005,2025/02/27,千葉,クライアントセットアップ,X：共通,X：共通,エクセル権限設定,"■事象

ラスのクライアント端末で一部帳票がエクセルの設定不足により、利用できなかった。
信頼できる場所の追加で改善した。

オフサイト側に類似パターンがないか、影響範囲を確認したうえで調査する。
","■原因
　Officeトラストセンターのセキュリティ機能により、Excelマクロ実行が阻害されたため。

■対策
　Officeトラストセンターの「信頼できる場所」にExcelファイルの場所を追加。
"
,0006,2025/02/27,千葉,マスタローダ機能,L：試験管理,L：試験管理,マスタローダ機能,"■事象
マスタローダ機能を使うための32bitエクセルがクライアントにない。
→64bit版リリース後に確認する。","■原因
　64bit版リリースがまだできておりません。

■対策
　3/24週中にリリースできるよう対応進めてまいります。
　→3/24リリース実施済み
"
,0007,2025/02/27,千葉,S25 10-2,N：製油所モニタ,N：製油所モニタ,VINX010202_燃料油・化学品試験結果詳細,"■事象

試験項目の多いサンプルにおいて、表示レイアウトが崩れる。","■原因
明細表示領域が画面全体の表示領域からはみ出していたためです。

■対策
明細表示領域が画面全体の表示領域からはみ出ないように修正致しました。
"
,0008,2025/02/27,千葉,"S25 10-6,8",N：製油所モニタ,N：製油所モニタ,"VIXNX010208_依頼情報
VINX102210_試験項目参照","■事象

字間が非常に狭く、特に半角文字において判読性に影響がある。","■原因
半角文字の間隔を狭く定義していたためです。

■対策
文字の間隔を広くするよう修正致します。
"
,0009,2025/02/28,千葉,S26 1-84,帳票,帳票,帳票-タンク在庫日報,"■事象
タンク在庫日報の帳票出力時、コンパイルエラーが発生し帳票が出力、印刷できない。（同じ実績管理の帳票をいくつか確認したが同事象は発生せず）","■原因
Excel VBAのバージョンがあがったため。
■対策
Excel VBAのバージョンアップに伴って前バージョンと仕様が異なる箇所を修正いたしました。
"
,0010,2025/02/28,千葉,-,帳票,その他,スマコン,"■事象
スマコンのサービス（ConciergeService2）が起動しておらず、帳票が出力できない。
","
■原因
スマコンのサービス（ConciergeService2）が自動起動する設定となっていなかったためです。
■対策
暫定対応としてスマコンのサービスを手動で起動しました。
恒久対応として、以下のいずれかの案で対応を検討中です。
　・CLUSTERPROのサービス制御対象に追加していただく
　・InitServiceのサービス制御対象に追加する
既設ではスマコンのサービスは自動起動になっている（他のサービスに依存していない）ため、InitServiceのサービス制御対象に追加することによる直接影響はない想定です。ただし、スマコンのサービスの起動と停止にかかる時間を測定し、場合によってはCLUSTERPROの設定（InitServiceのタイムアウト時間など）を見直す必要があります。

2025/03/03
上記のうち、後者の「スマコンのサービスをInitServiceのサービス制御対象に追加する」対応を行いました。
なお、対応前後のInitServiceの起動および停止にかかる時間は以下となります。（それぞれ5回実施した平均値となります）

【対応前】
起動：13秒、停止：42秒
【対応後】
起動：14秒、停止：45秒

起動、停止共に対応前後の差異は数秒のため、CLUSTERPROのタイムアウト設定への影響は軽微と考えています。"
,0011,2025/02/28,千葉,-,帳票,ー,Chrome,"■事象
帳票出力する際に「安全でないダウンロードがブロックされました」と表示され、出力（ダウンロード）するまでの操作が増えている。","■原因
Chromeのバージョンが上がったことによりセキュリティ機能が追加されたためです。
■対策
Chromeに運転管理APサーバ（ダウンロード元）を安全なダウンロードとして許可する設定を追加します。"
,0012,2025/03/03,千葉,-,X：共通,X：共通,リモート環境構築,"■事象
リモート環境構築時、端末間でリモートデスクトップができない。","■原因
WindowsFireWallの設定、RDPの許可設定が不足していた。
ユーザ設定時の作業ミス。
■対策
上記設定を修正し疎通できることを確認した。
"
,0013,2025/03/03,千葉,S25　10-5,N：製油所モニタ,N：製油所モニタ,VINX010207_規格参照,"■事象
燃料油・化学品試験結果詳細（VINX010202）から該当画面を呼び出したときのみ初期ウィンドウサイズがおかしい","■原因
規格参照の画面の表示領域が小さかったためです。

■対策
表示領域を修正致します。
"
,0014,2025/03/03,千葉,S23　1-2,N：製油所モニタ,N：製油所モニタ,VINX010201＿燃料油・化学品試験結果参照,"■事象
試験依頼のソート順について、同一番号のロット（主に品転、ほか試験分類違いの一部で例あり）が一部現行環境と異なる。（動作影響は軽微）","■原因
対象の画面のソート順は「試料採取日（降順）」のみのため、試験分類やロット状態などの順番についてはデータベースの状態により表示順が異なる場合があります。

■対策
上記のソート順は既設と同じ仕様のため、対応なしとしてご相談させてください。
"
,0015,2025/03/04,千葉,-,X：共通,X：共通,運転管理システムログイン画面、製油所モニタログイン画面,"■事象
ログイン画面起動時、一度ユーザID入力のテキストボックスにフォーカスされたあと、ウィンドウそのものからフォーカスが外れるため、改めてクリックしないとID入力できない。（現行ではユーザIDのテキストボックスにフォーカスされ、ウィンドウがフォーカスから外れる動きはしない）
","■原因
ウィンドウからフォーカスが外れる原因は、運転管理システムログイン画面が表示されてから数秒後にChrome更新のポップアップが内部的に（非表示で）起動しており、ポップアップにフォーカスが当たっているためです。

■対策
Chrome更新のポップアップを起動させない方法がなく、ウィンドウからフォーカスが外れることに対する対応が出来ない状況です。
大変恐縮ですが、フォーカスが外れた後に改めてウィンドウにカーソルを当てていただきますよう、お願いいたします。
なお、予めChromeのウィンドウを開いた状態にしておく（そのウィンドウで更新のポップアップを起動させておく）ことで、運転管理システムログイン画面のウィンドウでポップアップを表示させないという対処は可能です。
"
,0016,2025/03/04,千葉,S25 2-62,B：作業計画管理,B：作業計画管理,VIBP080302_ジェット出荷証明書編集,"■事象
ジェット出荷証明書編集画面表示が縦、横枠ともに足りずスクロールしてしまう。","■原因
ジェット出荷証明書編集画面の表示領域が小さかったためです。
■対策
表示領域を修正致します。
"
,0017,2025/03/04,千葉,S25 2-2,B：作業計画管理,B：作業計画管理,VIBA020102_出荷タンク設定,"■事象
出荷タンク設定画面の枠がウィンドウと合っていない","■原因
出荷タンク設定画面の表示領域が小さかったためです。
■対策
表示領域を修正致します。
"
,0018,2025/03/04,千葉,S25 1-46,A：オーダ管理,A：オーダ管理,VIAA040101_日別情報,"■事象
品名表示欄が中央揃えになっている（現行は左寄せ）。","■原因
品名表示欄の表示設定がされていなかったためです。
■対策
表示設定を左寄せで修正致します。
"
,0019,2025/03/04,千葉,S25 5-28,B：作業計画管理,B：作業計画管理,VIEX021201_試験成績書出力一覧,"■事象
納入先/仕入先が中央揃えになっている（現行は左寄せ）。
また、その影響かフォント大きさ・字間が異なるのかは判別できないが、長い名前において一部表示領域をはみ出る","■原因
納入先/仕入先欄の表示設定がされていなかったためです。
■対策
表示設定を左寄せで修正致します。
"
,0020,2025/03/04,千葉,S25 2-53,B：作業計画管理,B：作業計画管理,VIBA021502_サーキュレーション添加剤張込作業予定_新規入力,"■事象
サーキュレーション添加剤張込み作業予定ー新規入力のレイアウトくずれ
試験依頼項目がはみ出している","■原因
明細行の表示サイズががタイトル行の表示サイズより大きくなっていたためです。
■対策
タイトル行と明細行の表示サイズが合うように修正いたします。
"
,0021,2025/03/04,千葉,,X：共通,X：共通,動作が遅い,"■事象
GRANDSITE最新化に伴い、動作が遅くなっている。詳細原因を記載し、対策を検討する。

2025/07/03：メモリ設定、GRANDSIGHT設定変更で解消のためクローズ","■原因
GRANDSIGHTのバージョンアップに伴い、使用されるメモリが増加したことが要因と推測しています。

■対策
本件に関連して、各サーバのメモリ使用状況を確認した結果を以下に格納いたしました。
https://app.box.com/folder/310160814848
　・【No0021】各サーバのメモリ使用量.xlsx

2025/03/18 YJP追記
3/24週にDI部様にて仮想OSのメモリに関する設定変更対応実施予定 
2025/03/25 YJP追記
3/24にDI部様にて設定変更作業を実施済み。
3/25定時後にGRANDSIGHT側のメモリ使用量の上限をあげる対応を実施予定（対象：運転管理AP、製油所モニタ）

2025/03/26 YJP追記
GRANDSIGHT側のメモリ使用量の上限を上げる対応を行いました。以降、動作について継続してご確認ください。
また、本件の対応にともない暫定対応として行っていた定期サービス再起動を止めております。"
,0022,2025/03/05,千葉,S25 1-32,A：オーダ管理,A：オーダ管理,VIAA020803_ボンド出荷オーダ入力 - 代理店情報_,"■事象
代理店入力画面が小さい","■原因
ボンド出荷オーダ入力-代理店情報画面の表示領域が狭く表示されていたためでした。
■対策
明細行のデータが多いと現在の表示領域設定だと見切れてしまうので表示領域設定を修正致しました
"
,0023,2025/03/05,千葉,S25 3-14,C：進捗管理,C：進捗管理,VICB040501_入出荷作業状況表示一覧,"■事象
終了予定日時が左詰めになっている。通常は中央揃え","■原因
終了予定日時項目の表示設定がされていなかったためです。
■対策
表示設定を修正致しました。
2025/03/06 YJP追記
修正版をターゲット環境へリリースした結果、解消されていないことが判明
現在調査中
2025/03/14 YJP追記
ターゲット環境で解消された事を確認
"
,0024,2025/03/05,千葉,,L：試験管理,L：試験管理,ロット状態変更,"■事象
運転管理の「有効期限管理（終了日判定）」処理に伴う試験管理側のロット状態変更が動いていない（無効にならない）","■原因
仕様とおりです。
毎夜00:05に走行する「有効期限管理」処理において、タンクロットにおける期限切れは無効として結果を運転制御には連携しますが試験管理へは連携しておりません。
ブレンダーロットに紐づくタンクロットが無効になった場合のブレンダーロットの無効に関してはブレンダ―ロットに関して試験管理に無効になった連携はしております。
また、試験結果を受信した際に過去ロット等の無効に関しては試験管理へ連携しております。
■対策
特になし

"
,0025,2025/03/05,千葉,S25 1-47,A：オーダ管理,A：オーダ管理,VIAA040201_オーダ詳細一覧,"■事象
数字、文字が重なっている","■原因
半角文字の表示のみ文字間隔が狭くなっていたため
■対策
半角文字が崩れないように修正致します
"
,0026,2025/03/05,千葉,S25 1-52,A：オーダ管理,A：オーダ管理,VIAA050101_オンラインオーダ管理,"■事象
件数の表示が一部ずれている","■原因
表示設定の一部が外れていたため
■対策
表示設定があたるように修正致します
"
,0027,2025/03/05,千葉,,E：品質管理,E：品質管理,VIEX021204_ロット試験報告書表示,"■事象
ロット報告書出力一覧にて、ロット試験報告書が出力できない","■原因
EAIのフォルダーパスの設定ミスを修正後、製油所モニターの共用フォルダにある然るべきフォルダに格納されることは確認（3/10）
作業計画のロット報告書出力一覧からPDFが出力されない件について継続調査中
2025/03/12 YJP追記
参照するPDFファイルの格納先をURLに含めているのですが、その際「\」が含まれることで正常に画面が表示できなくなっていました。
■対策
「￥」をエスケープ処理し画面が正常に表示できるように修正致します。
"
,0028,2025/03/05,千葉,S25 2-65,B：作業計画管理,B：作業計画管理,VIEX020112_出荷ロット確認一覧,"■事象
ロット日付が左にずれている。通常は出荷タンクと同じ中央揃え","■原因
表示設定が反映されていなかったため
■対策
反映するように修正致します
"
,0029,2025/03/05,千葉,S25 1-56,A：オーダ管理,A：オーダ管理,VIAA090101_オーダ集計表,"■事象
出荷作業品名、入出荷数量が左詰めになっている。通常は中央揃え","（問題点管理表No.0019と同様）
■原因
表示設定が反映されていなかったため
■対策
反映するように修正致します。
"
,0030,2025/03/05,千葉,S25 9-11,K：ブレンドシミュレーション,K：ブレンドシミュレーション,VIKA020206_ブレンドシミュレータ一括実行 - 基材設定,"■事象
ブレンドシミュレーター一括実行の計算段階でエラー発生。
エラー内容は文字化けしており、認識不能


2025/07/04：生技にて対応不可のためいったん対応不要とした。","■原因
エラー内容が文字化けしている件については、計算エンジンから出力されるOUTファイルの文字コードがUTF-8で出力されているためです。
※既設の計算エンジンのOUTファイルはS-JISで出力されています。

以下に既設と新設で出力されたOUTファイルのサンプルを格納しております。
https://app.box.com/folder/311107309694

なお、計算エラーの内容は
「計算結果が無限大のものが含まれていました。OUT1ファイルも確認願います」
となっています。

■対策
IKC芥川様にてご対応をお願いいたします。担当をIKC様とさせていただきました。"
,0031,2025/03/05,千葉,（保守_問題点管理表no.1117へ移管）S25 9-7,K：ブレンドシミュレーション,K：ブレンドシミュレーション,VIKA020202_ブレンドシミュレータ一括実行 - 生産品名選択,"■事象
ブレンドシミュレータ一括実行ー生産品名選択で要否選択がされているのに「要否が未指定です」と表示される。
もう一度「次へ」ボタンを押下すると解消される。","（現行）保守_問題点管理表No.1016に起票
■原因（既設からの不具合）
一括実行画面の初期表示時に要否選択項目を更新したか否かをチェックしているため
■対策
遷移時のチェックを外すように修正いたします
改修版をリリースするまでは、左記記載のとおり一度選択を外し、再度選択していただくことで対応願います

2026/05/19 YJP村上追記
保守_問題点管理表no.1117へ移管したためクローズ致します。"
,0032,2025/03/05,千葉,S25 3-22,C：進捗管理,C：進捗管理,VICB050101_出荷タンク在庫チェック,"■事象
現ロットNoが左詰めになっている。通常は中央揃え。","（問題点管理表No.0019と同様）
■原因
表示設定が反映されていなかったため
■対策
反映するように修正致します。
"
,0033,2025/03/05,千葉,S25 4-20,D：実績管理,D：実績管理,VIDC020101_JOB検索,"■事象
JOBNoが左詰め。通常は中央揃え。","（問題点管理表No.0019と同様）
■原因
表示設定が反映されていなかったため
■対策
反映するように修正致します。
"
,0034,2025/03/05,千葉,S25 8-3,I：伝票発行管理,I：伝票発行管理,VIIP030403_伝票プルーフリスト印刷,"■事象
日付・コード・数量の数字間が詰まりすぎている気がする。
現在のオフラスプルーフリストと同様の間隔であるか確認をお願いしたい。","■原因
ご指摘の通り、文字間隔が狭くなっていました。
■対策
文字間隔の表示設定を修正しました。"
,0035,2025/03/05,千葉,"（保守_問題点管理表no.1118へ移管）
-",D：実績管理,帳票,ー,"■事象
軽油マーカー添加実績で出力したExcelにて、改ページの場所が悪く、票の下線が途切れる
【3/19追記】
改ページの指定は適切となり、表の下線が途切れる事象は改善されたが印刷範囲が広いのか、印刷プレビュー上で表が小さくなってしまう。（田中）

2025/04/01：検証結果エビデンスをもとに説明する。","■原因
改ページの指定がされていないため、環境により改ページの場所が異なるようになっていました。
■対策
改ページの指定をするように修正しました。
2025/03/25　YJP追記
改めて原因調査致します。

2025/03/25　YJP追記
問題点エビデンスをお願いいたします。

2025/4/4　YJP追記
印刷時の範囲の設定がされていなかったため、印刷プレビューが小さくなっていました。
範囲の設定を指定するように修正致しました。

2025/4/7 YJP追記
印刷プレビュー、実際の印刷で真ん中に寄ることなく大きく表示されることが確認できました。
印刷範囲は適切になりましたが、下線が見切れてしまっているため修正いたします。

2026/05/19 YJP村上追記
保守_問題点管理表no.1118へ移管したためクローズ致します。"
,0036,2025/03/06,千葉,S25 5-14,E：品質管理,E：品質管理,VIEX020801_試験依頼一覧,"■事象
試験依頼一覧画面の右端の本登録ボタンがスクロールバーと重なって切れてしまっている。","■原因
本登録ボタンとスクロールバーの間の空間設定が反映されていなかったためでした。
■対策
空間設定を反映されるように修正致しました。
"
,0037,2025/03/06,千葉,,N：製油所モニタ,Y：通信管理,ファイル連携,"■事象
モニタサーバ上の通信IF用フォルダが存在しない。港湾統計、NACCS、試験管理L4通信
■あるべき姿
フォルダがあり、送受信できる設定になっていること
","■原因
L35DMZサーバのEAIに設定しているL4サーバのフォルダ名と実際のL4サーバのフォルダ名が異なっていたためでした。
■対策
現地千葉ターゲットのフォルダ構造を確認し、合わせるように修正致します。
"
,0038,2025/03/06,千葉,"（保守_問題点管理表no.1119へ移管）
S14 1-8",A：オーダ管理,A：オーダ管理,A：オーダ管理,"内外貨同時入荷し途中で中断終了すると、伝票が仮伝になる。
通常内貨入荷中断終了時は、本伝","■原因
保守問題点No.848がリリースされていないためです。
正しく伝票が作成されていないため実績が上がってきているにも関わらず仮伝から本伝に更新されない事象が起きていました。

■対策
保守問題点No.848をご確認いただいた後、リリース対応を行います。

2025/04/22 YJP追記：
2025/04/16に既設の方へリリース、ターゲットでの確認済み。
新設の方へ2025/04/24リリース予定。

2026/05/19 YJP村上追記
保守_問題点管理表no.1119へ移管したためクローズ致します。"
,0039,2025/03/06,千葉,S25　5-16,E：品質管理,E：品質管理,VIEX020803_試験項目編集,"■事象
試験項目編集画面が若干小さく、スクロールバーがでてしまっている。","■原因
試験項目編集画面の表示領域が小さかったためです。
■対策
表示領域を修正致します。
"
,0040,2025/03/06,千葉,S26 1-105,G：マスバランス,帳票,RIGP000023_港湾統計,"■事象
港湾統計表エクセルでボタンが押せない","■原因
Excelの「ActiveX」設定ができていなかった。
■対策
「ActiveX」の設定を追加する。
マスタPCのExcelのオプション設定の反映後、クローズ。

設定追加手順：
Excelメニューの「ファイル」→「オプション」→「トラストセンター」→「トラストセンターの設定」
トラストセンターの設定画面のActiveXの設定にて、
「先に確認メッセージを表示してから、最低限の制限を適用してすべてのコントロールを有効にする」に
チェックを入力し[OK]ボタンを押下
"
,0041,2025/03/10,千葉,S27 1-177,L：試験管理,L：試験管理,潤滑油試験成績表作成依頼Excel,"■事象
シート起動すると、「実行時エラー'-2147221164(80040154)　クラスが登録されていません）」とのエラーが出て、終了を押すとそのままシートが閉じる。","■原因
　マスタローダがまだ対応できていないことが原因です。

■対策
　3/24週中にマスタローダリリース予定のため、リリース後に再度確認させていただきたいと思います。
"
,0042,2025/03/10,千葉,"（保守_問題点管理表no.1120へ移管）
S-25-6-26",帳票,帳票,"外航通関
ボートノート　GT201","■事象
既設どおりではあるが、Date(I5セル)を右詰めに変更できないでしょうか。","■原因（既設からの不具合）
Date(I5セル)の値に文字位置の指定を設定していなかったためです。
■対策
文字位置の指定を設定し、右詰めに表示されるよう修正致しました。

2026/05/19 YJP村上追記
保守_問題点管理表no.1120へ移管したためクローズ致します"
,0043,2025/03/10,千葉,S-25-6-27,F：外航通関,F：外航通関,VIFX010103_タンク受入搬入計算確定,"■事象
下部の情報が切れているため、下部にスクロールしなければ下部の情報が確認できない。既設は全部のデータが確認できる。","■原因
明細行でのデータ量による表示範囲が足りなかったためでした。
■対策
表示領域の設定を修正致しました。
"
,0044,2025/03/10,千葉,（保守_問題点管理表no.1121へ移管）S-03-1-1,A：オーダ管理,A：オーダ管理,VIAA040101_日別情報,"■事象
既設は納入先名称であるが、検証機は納入先略号になっている。リンクが変わっているのでしょうか。","■原因（既設からの不具合）
既設と同じ動きとなります。外航入荷の編集または新規登録時、画面から簡略品名コードを入力した場合は納入先略称で表示されますが、オーダ登録後に画面からの更新なく登録(受付、確定)を行うと納入先名称が表示されます。
■対策
外航入荷以外の他の作業形態は必ず納入先略称が表示されます。統一する場合は現行APの保守としても対応が必要です。

2025/04/16 YJP
納入先名称か納入先略称どちらに統一するかは今後の会議にて各事業所の確認が必要
2025/05/27 YJP
納入先名称か納入先略称どちらに統一するかの確認メールを送信、回答待ち
　→2025/06/09 YJP 千葉製油所伊藤様より、回答を頂きましたので　納入先略称　で修正致します。 

2026/05/19 YJP村上追記
保守_問題点管理表no.1121へ移管したためクローズ致します"
,0045,2025/03/11,千葉,S-25-6-114,X：共通,X：共通,VIFX070201_期限管理一覧,"■事象
期限到達時のメッセージが途中で消えている。","■原因
表示設定が反映されていなかったためでした。
■対策
反映されるように修正致します。
"
,0046,2025/03/11,千葉,S-25-6-106,F：外航通関,帳票,外貨在庫日報（製品1）,"■事象
100,000以上の数値がスペースが足りず、表示されない","■原因
該当セルの列幅が表示領域より狭かったためでした。
■対策
セルの列幅を広げ、印刷時に影響がないように修正致します。
"
,0047,2025/03/11,千葉,,J：バイオターミナル管理,J：バイオターミナル管理,VIEX020202_受入後試験依頼,"■事象
登録ボタンがスクロールで見えなくなっている。","■原因（既設からの不具合）
試験依頼画面の表示領域が小さく設定されているためでした。
■対策
画面全体が表示されるよう表示領域を修正致しました。
"
,0048,2025/03/11,千葉,,L：試験管理,L：試験管理,帳票印刷機能全般,"■事象
帳票の印刷全般のレスポンスが悪い。（印刷を押してから2分以上かかる）","■原因
　共有フォルダのExcelの起動自体に時間が掛かっているため、ネットワークの影響かどうか確認中。

3/26
　マクロの参照設定で共有フォルダのファイルを参照しているものの起動が非常に遅かった。
　参照先パスが表示上は新サーバのパスになっているが、実際は現行サーバ（10.178.147.12）を
　参照しているような挙動をしており、はっきりとした原因は不明であった。
　（帳票をローカルにコピーすると参照先パスがなぜか現行サーバになる）

■対策
　参照設定をし直すことで改善することが確認できた。
"
,0049,2025/03/11,千葉,,F：外航通関,F：外航通関,VIFX090102_寄託タンク在庫 台帳引落,"■事象
台帳種別~数量のタグがズレている。","■原因
タイトル行の表示範囲が足りていなかったためでした。
■対策
明細行に合わせて表示されるようタイトル行の範囲修正を致します。
"
,0050,2025/03/11,千葉,（保守_問題点管理表no.1122へ移管）S-16-1-4,J：バイオターミナル管理,帳票,台帳出力一覧,日毎のデータ間に線がある場合とない場合がある。統一できないか,"■原因（既設からの不具合）
テンプレートの罫線が中途半端に設定されていたことが原因でした。
■対策
制御が反映されるようにテンプレートの罫線の表示を改めました。

2026/05/19 YJP村上追記
保守_問題点管理表no.1122へ移管したためクローズ致します"
,0051,2025/03/11,千葉,"（保守_問題点管理表no.1123へ移管）
S-25-6-119",F：外航通関,帳票,寄託タンク在庫明細表,日毎のデータ間に線（実線と破線）がある場合とない場合がある。同じ日付けもある。統一できないか,"■原因（既設からの不具合）
日毎のデータ間に線（実線と破線）に関してはNo.50と同様の原因でした。
同じ日付があるものは本来その場所から印刷時、改ページされる制御になっていました
が実際の改ページとずれてしまったためです。
■対策
日毎のデータ間に線（実線と破線）に関してはNo.50と同様の修正をしました。
同じ日付があるものはテンプレートの改ページ位置を制御と同じ位置で修正致しました。

2026/05/19 YJP村上追記
保守_問題点管理表no.1123へ移管したためクローズ致します"
,0052,2025/03/12,千葉,,帳票,帳票,製品半製品受払表,"■事象
商品管理-製品半製品受払表画面のボタンから帳票出力時にコンパイルエラーとなり中が確認できない。","（問題点管理表No.009と同様）
■原因
Excel VBAのバージョンがあがったため。
■対策
Excel VBAのバージョンアップに伴って前バージョンと仕様が異なる箇所を修正いたしました。
"
,0053,2025/03/12,千葉,,帳票,帳票,原油タンク受払実績,"■事象
商品管理-原油タンク受払実績を帳票出力すると、月のフォントが年と日のフォントと異なる。現行のシステムから出力されたものは、全て同じフィントになっている。","■原因
月のフォント表示部分が狭かったことによって起こっていました。
■対策
年、月、日のコンボボックス設定を一律に合わせるように修正致します。
"
,0054,2025/03/12,千葉,,帳票,帳票,入荷実績計算書,"■事象
商品管理-入荷実績計算書を帳票出力すると、月のフォントが年と日のフォントと異なる。現行のシステムから出力されたものもフォントが異なっている。","■原因
月のフォント表示部分が狭かったことによって起こっていました。
■対策
年、月、日のコンボボックス設定を一律に合わせるように修正致します。
"
,0055,2025/03/12,千葉,,帳票,帳票,増減推移表,"■事象
商品管理-増減推移表画面のボタンから帳票出力時にコンパイルエラーとなり中が確認できない。","（問題点管理表No.009と同様）
■原因
Excel VBAのバージョンがあがったため。
■対策
Excel VBAのバージョンアップに伴って前バージョンと仕様が異なる箇所を修正いたしました。
"
,0056,2025/03/12,千葉,,G：マスバランス,G：マスバランス,増減データグラフ,"■事象
商品管理-増減データグラフ画面で、文字が かすれてしまっている(文字化け？)","■原因
ブラウザ（Chrome）の機能であるグラフィックアクセラレーションの問題により発生しています。

■対策
Chromeのグラフィックアクセラレーションを無効にします。
　※クライアント構築手順にも追記します。
"
,0057,2025/03/12,千葉,,帳票,帳票,増減データグラフ,"■事象
商品管理-増減データグラフ画面帳票出力すると、エラーが出る。","■原因（既設からの不具合）
帳票作成時のデータの取得方法が誤っていたため、増減データグラフが出力されていませんでした。
■対策
取得方法を修正することで増減データグラフが出力されるよう致しました。
"
,0058,2025/03/12,千葉,S25 1-14,A：オーダ管理,A：オーダ管理,VIAA020302_外航入荷オーダ入力 - 編集_,"■事象
外航入荷オーダ入力-新規の画面の取引区分の列がずれている。
修正・削除の画面では正常になっている。","■原因
取引区分表示範囲が大きかったため罫線がずれてしまっていました。
■対策
範囲内に収まるよう修正致しました。
"
,0059,2025/03/12,千葉,S25　1-27,A：オーダ管理,A：オーダ管理,VIAA020602_外航出荷オーダ入力 - 編集_,"■事象
外航出荷オーダ入力-新規の画面の取引区分の列がずれている。
修正・削除の画面では正常になっている。","■原因
取引区分表示範囲が大きかったため罫線がずれてしまっていました。
■対策
範囲内に収まるよう修正致しました。
"
,0060,2025/03/13,千葉,,その他,X：共通,VIXX000003_メッセージ一覧,"■事象
システム管理-メッセージ一覧のメッセージ文字列入力欄が中央揃えになっている。（既設は左揃え）","■原因
メッセージ文字入力欄に対して入力の設定がされていませんでした。
■対策
入力欄に対して入力設定し、左詰めになるよう修正致しました。
"
,0061,2025/03/13,千葉,,その他,その他,リモート環境構築,"■事象
リモート環境の接続が繋がらなくなることがある。
■
","■原因
　・デフォルトゲートウェイの設定誤り
　・電源オプションの設定漏れ（PCを閉じたとき、スリープ無設定）
■対策
・接続先クライアントの復旧方法を記載（再起動以上のものがあれば記載）
・接続遮断時の横河連絡先を記載
　⇒三鷹側横河連絡先は、那須or村上
"
,0062,2025/03/24,千葉,"（保守_問題点管理表no.1124へ移管）
内部統制に絡むパスワードポリシー見直し",その他,その他,ユーザ管理,"■事象
出光内部統制の最新セキュリティポリシーに従い、オフラスのパスワードポリシーを内部統制に準拠する。
※これまで、赤字部分について準拠できていなかった認識。

＜パスワードポリシー＞
　・パスワード桁数８桁未満禁止
　・パスワード有効期限３ヶ月
　・ミス５回でパスワードロック
　・変更前と同一パスワードへの変更禁止
　・英数字混合でなければ不可","■原因

■対策
現状（既設）のパスワードポリシーは以下となっています。青字部分が事象に記載いただいたパスワードポリシーの内容を満たしていない箇所になります。
【運転管理】
　・パスワード桁数８桁未満禁止
　・パスワード有効期限３ヶ月
　　　※厳密には90日間
　・ミス５回でパスワードロック
　・変更前と同一パスワードへの変更可能
　・英数字混合でなければ不可
　　　※厳密には半角英小文字、半角英大文字、半角数字をそれぞれ1文字以上使用することが必須
【製油所モニタ】
　・パスワード桁数８桁未満禁止
　・パスワード有効期限なし
　・ミスによるパスワードロックなし
　・変更前と同一パスワードへの変更可能
　・英数字混合でなければ不可
　　　※厳密には半角英小文字、半角英大文字、半角数字をそれぞれ1文字以上使用することが必須

また、「変更前と同一パスワードへの変更禁止」は標準機能では対応しておらず、対応するにはアプリケーションの改修が必要となります。
対応については別途ご相談させていただきます。

2025/03/25 YJP
夕会にてご相談させていただいた対応方針について追記いたします。
　・製油所モニタは現状のままでよいため対応不要
　・運転管理は対応要だが、千葉の切替時点での対応は不可（スケジュール都合）
　・北海道の切替には間に合わせる方針としてスケジュールやコストについて引き続き協議する
　・新設の千葉については切替完了後にタイミングを計って改修版モジュールをリリースする

　・既設（愛知、徳山）への改修版モジュールのリリース要否については別途協議する

上記の協議するで結ばれている2件（3つ目と5つ目）について、継続して協議させていただければと思います。

2025/11/11
AH列に記載の内容を対応した際の確認エビデンスを以下に格納しました。
　https://app.box.com/folder/350505537000
　【No0062】パスワードポリシー変更対応_確認エビデンス.xlsx
まずは新設北海道環境へリリースさせていただき、動作を確認いただければと思います。

2025/11/13 YJP追記
新設北海道ターゲットにリリース致しました。

2026/03/10 YJP追記
新設北海道ターゲットでの確認結果に問題なければ、千葉へ反映予定。

2026/05/19 YJP村上追記
保守_問題点管理表no.1124へ移管したためクローズ致します"
,0063,2025/03/25,千葉,サーバ再起動後タスク実行,その他,その他,タスクスケジューラ,"■事象
サーバ再起動後、毎日トリガーされた後、無期限に繰り返すタスクが実行されなくなる
2025/06/30：対応が確認できたためクローズ
","■原因

■対策
　Microsoftへ問い合わせしつつ、トリガー設定見直しで回避できるか検討進める。
　
2025/04/01 IKC
以下、ハード構築ベンダーからの回答。
ーーーーー
2025/4/1 追記
ここまで頂いたタスクスケジューラの設定および内容について、精査を行いましたが無期限に繰り返しを行うタスクを作成した場合、意図した動作が開始されない事例を確認致しました。

参考情報として以下のナレッジも確認しております。

<参考情報>
■タスク スケジューラで無期限に繰り返しを行うタスクを作成する際の注意点
URL:https://jpwinsup.github.io/blog/2023/02/07/UserInterfaceAndApps/Repeat-task-indefinitely-issues/

無期限に繰り返しを行うタスクのみ問題が発生していると見受けられますので
ナレッジの対処にて事象が再発されないことを確認願います。

　毎日⇒1回に変更する

もし、ご提案した作業でも解消がされない場合は、タスクの次回や前回の実行時刻が更新されている点から実行されている処理側の問題が考えられます。

2025/04/04 YJP
試験管理APサーバの該当タスクを「毎日⇒1回に変更する」し、
再起動後にタスクが再開されることを確認した。
https://app.box.com/file/1826292477360

2025/04/08 YJP
試験管理APで確認がとれたため、試験管理AP以外のサーバにも同じ修正を実施する。

2025/04/16 YJP
同様の設定があるDMZ APと製油所モニタAPの修正を行いました。"
,0064,2025/03/27,千葉,FTP接続失敗,その他,その他,通信,"■事象
L30運転APサーバからL35EAIサーバへ、コマンドベースでFTP接続しようとしても接続できない。
","■原因
ftpユーザー（oflsbm-ftp）のパスワードが事前の取り決め通りに設定されていなかったためです。（どのように設定されていたかは判明しませんでした）
　※なお、接続できなかった直接の原因は上記の状況により認証NGが繰り返された結果、アカウントロックされていたためです。

■対策
パスワードの再設定を行いました。　※対象はDMZの1号機のみです。
他サーバのftpユーザーに同様のパスワード誤りがないかについても確認を行い、問題ないことを確認済です。
以下が確認エビデンスとなります。
https://app.box.com/folder/313696058003
　【No0064】ftpユーザー接続確認エビデンス.xlsx"
,0065,2025/03/27,千葉,運転APからL35EAIへの連携データ確認,その他,その他,通信,"■確認依頼（現時点で不具合ではない）
三鷹環境において、L30AP（運転・試験）サーバからL35EAIへの連携確認を連携システム毎に最低1連携（通信方式が異なる場合は別カウント）は上り下りで確認を取っておきたい。（SAT以降の問題切り分けを容易にするため）※連携NAS向けなどバッチが起動される直前
2025/07/04：確認は取れたのでクローズ","■原因

■対策
まずは連携システムごとの通信方式（ファイルの格納先や送受信の方法など）を整理いたします。
※SATでの疎通確認完了をもってクローズ予定"
,0066,2025/03/27,千葉,EAIMaintenanceの表示不良,その他,その他,ツール,"■事象
EAIMaintenanceのヤード向けスポークーTo側のタンクロット項目名が未設定（現行も）","■原因（既設からの不具合）
既設時点で未設定となっており、その定義情報を移行しているためです。

■対策
通信インターフェース一覧の資料をもとに、項目名に「工場タンクロット」を設定しました。
"
,0067,2025/04/03,千葉,APサーバフェイルオーバー後のデプロイ失敗,その他,その他,UIサービス,"■事象
運転管理APサーバを1号機⇒2号機にフェールオーバー（1号機のOS再起動）
その後、クライアントから運転管理にWebアクセスすると「503 Service Unavailable」が表示される。","■原因
直接原因としてはフェールオーバー後のサービス起動において、EX（旧freesia）のデプロイが通常時より大幅に時間がかかっており、結果としてタイムアウトによるデプロイエラーとなっていたためとなります。
その後、フェールオーバーを複数回行いましたが、事象が再現せず、根本原因の特定には至れていません。
※ログを確認した結果、正常時と異常時の違いとして異常時にはログの出力が止まる時間帯（数秒内で連続してログが出力されるべきところ、出力途中で数分止まっている箇所）があり、該当時間帯にDドライブへのアクセスが不安定になっていたのではという推測があります。

上記のログの確認結果については以下に格納しています。※ログのテキストファイルも格納しています。
https://app.box.com/folder/315851967972
■対策
事象発生時はサービスの再起動により問題は解消しています。
本件については再現待ちとさせていただき、再現した際のログを取得し、今回のログとの類似性などをもとに改めて調査させていただければと考えております。
2025/09/16YJP追記
PJT問題点棚卸で確認を行う。
2025/9/26 YJP追記
北海道FAT期間中にフェールオーバーのテスト（青井様）を実施し、その時点で再発しなければクローズとさせて頂く。
なお、愛知、徳山はシングル構成となるため対象外の認識。
"
,0068,2025/04/10,千葉,L4のフォルダ共有,その他,その他,,"■事象
No.37の派生。
L4通信IF用のフォルダは存在するものの、フォルダ共有がされていなかった。
港湾統計はテストで必要だったため青井で共有化実施済。
試験管理やNACCS関係のフォルダ共有をどうすべきか検討し対応。
■あるべき姿
必要なフォルダが共有されている

2025/06/30：確認できたためクローズ","■原因

■対策
既設全所のフォルダ共有の設定状況についてIKC様より確認した情報を連携いただき、その上で、新設千葉のフォルダ共有の設定の見直しを実施させていただければと考えております。

2025/4/23
既設と新設千葉の設定状況を整理いたしました。
　「【No.0068】共有フォルダ調査結果.xlsx」の「一覧」シート
新設で共有設定するにあたり、確認事項がございますので、ご相談をさせていただきたいです。

2025/04/24
青井様とお話させていただき、上記のシートのM列に新設千葉ターゲットの共有設定を整理させていただきました。
資料をもとに共有フォルダの設定を行います。
⇒整理していただいた内容で設定いたしました。
　一部共有化していないフォルダがございます。詳細については資料の実施結果(O列)に記載いたしました。"
,0069,2025/04/10,千葉,L4港湾統計のファイルが刈り取られない,Y：通信管理,Y：通信管理,,"■事象
L4の港湾統計共有フォルダに「港湾統計_潤滑油_受入.xls」を配置するも、L35が刈り取りに行かない。
■あるべき姿
L4ファイルを刈り取り、後続処理が実行される。
","■原因
「港湾統計_潤滑油_受入.xls」を格納しているフォルダにアクセス権限が付与されていなかったため。
■対策
「D:\inetpub\ftproot」配下のフォルダのアクセス権限に「oflsbm-ftp」をフルコントロールで追加。

"
,0070,2025/04/10,千葉,不要スポークの削除,Y：通信管理,Y：通信管理,,"■事象
ヤード関係の不要なスポークが残存している。
対象：
SBM_A0019_S⇒旧ヤード操業向けスポーク
SBM_A0019_New⇒新ヤード操業向けスポーク

旧は削除し新の方を""_S""としたい。
","■原因（既設からの不具合）

■対策
使用していないスポークの削除することについては問題ありませんが、使用しているスポークの名称を変更する場合、他システムへの影響が考えられるため、状況を確認します。
　※該当のスポークはFTPカセットのため、恐らくはスポーク名変更の影響なしと考えています。

2025/04/24
以下の対応を行いました。
・SBM_A0019_S
　スポークの削除
　送信に使用するフォルダの削除
・SBM_A0019_New
　スポークIDおよびスポーク名の変更（SBM_A0019_New⇒SBM_A0019_S）
　スポークIDが送信に使用するフォルダの変更（同上）
　送信に使用するフォルダのリネーム（同上）"
,0071,2025/04/11,千葉,L3.5EAIのFTP連携フォルダ権限,Y：通信管理,Y：通信管理,,"■事象
No.69の派生。
他システムからオフラスにFTP連携するフォルダについて、同様に権限不足となっていないか横展開確認を行う。

","■原因
　DMZと試験管理についてもNo0069(製油所モニタ)と同様に権限が不足していました。
■対策
　ftpユーザの権限を付与しました。
　DMZ：oflsbm-ftp
　試験管理：oflsbl-ftp

2025/04/25 IKC
SATの他システム連携で確認予定（FTPで接続してくる他システムが問題なく接続できるか）
"
,0072,2025/04/14,千葉,OSパスワード変更,その他,その他,,"■事象
再起動時にHyper-Vからトラップ（通知）がOMEに飛ばない。","■原因

■対策

設定の追加で対応"
,0073,2025/04/14,千葉,OSパスワード変更,その他,その他,,"■事象
2025/04/14夜間の時点（パスワード変更作業後）でDMZのEAIサービスが落ちていて通信ができなかった。
EAIサービス再起動で通信は復旧、モニタは復旧せず、
2025/04/15サービス再起動を実施したところ、モニタも復旧

2025/06/30:同一事象再発した場合に再起票するため、こちらはクローズ","■原因
DMZのEAIサービスが落ちたのは4/14(月)の15時頃であり、パスワード変更作業中ではありますがサービスが落ちた件との関連はわかりませんでした。
※他のサーバのEAIサービスは停止していなかったため、パスワード変更作業は直接原因ではないと推測しています。
EAIサービスが落ちた場合にEAIサービスをリカバリするためのタスクスケジューラが稼働していますが、そちらについてはパスワード変更に伴いタスクスケジューラが動作しない状況となっているため、4/14夜間においてもEAIサービスが停止したままとなっていました。

また、サービス再起動時にモニタとの通信が復旧しなかった件については、上記のタスクスケジューラを使用せず手動でサービスを起動したことにより、本来停止させるべきプロセスが残ったままとなっており、起動時に一部のスポークについてエラーが発生していたためです。
※翌日にサービス再起動で復旧した理由としては、時間経過により問題を引き起こしていた残存プロセスが終了していたためです。

■対策
タスクスケジューラのパスワード変更対応を行い通常稼働に戻すことで、本件の事象は発生しなくなります。（EAIサービスが停止してもタスクスケジューラによりリカバリ処理が動くため）

タスクスケジューラのパスワード変更対応後、EAIサービスを停止させた状態でWindowsイベントを手動で登録し、問題なくリカバリできることまでを確認します。

2025/04/16 YJP
タスクスケジューラのパスワード変更を実施いたしました。"
,0074,2025/04/16,千葉,FTPフォルダの受信ファイルが残存したままになっている,Y：通信管理,Y：通信管理,EAIのFTP受信ポーリング,"■事象
L35EAIが他システムからFTP受信するフォルダに、データファイルとFINファイルを配置すると、ファイル受信検知してL30APへ連携した後もファイルが残存したままとなり、1分周期でL30APに連携され続ける。本来なら受信検知後に刈り取られるはず。（FINのみ削除？）","■原因
1分周期で受信フォルダを確認し、FINファイルが存在する場合はL30APへ連携されます。
本来、受信検知後にFINファイルが自動で削除される仕組みですが、
FTPユーザにFTP連携フォルダのアクセス権限が無かったため、FINファイルの削除が行われずに残り続けてしまい、
1分周期でL30APへ連携されていました。

■対策
FTP連携フォルダにアクセス権限を付与しました。(No.0071で実施)"
,0075,2025/04/24,千葉,サーバの停止＆起動において不具合発生,その他,その他,システム停止,"■事象
サーバの停止起動を実施した際に運転管理のアプリケーションエラーでうまく起動できなかった。","■原因
シャットダウンボックスからの停止処理において、Hyper-VのゲストOS（運転管理AP）がセッションが残った状態ではシャットダウンが出来ず、CLUSTERPROが停止したがOSは停止されずにHyper-V上で途中保存された状態となっていたため。
そのまま起動したことにより、OSは起動中に戻ったがCLUSTERPROは停止したままとなり、Dドライブが1号機、2号機どちらからも参照できない等の不具合が生じていた。
※谷島様曰く、過去にも同様の事象が発生したことがあるとのこと

■対策
CLUSTERPROのサービス（※１）を起動したことによりCLUSTERPROが正常起動し、他のWindowsサービスも起動しました。
恒久対策としては谷島様にてセッションが残った状態でも強制的にシャットダウンする様に設定を変更すると伺っております。（※２）
※１
CLUSTERPRO Server
※２
レジストリパス：HKEY_LOCAL_MACHINE\SOFTWARE\Policies\Microsoft\Windows NT\Terminal Services
項目：MaxDisconnectionTime
値：60000
【IKC様へのお願い事項】
北海道の構築作業などのためにも上記の※１と※２について、詳細の追記をお願いいたします。

2025/09/16YJP追記
PJT問題点棚卸で確認を行う。
2025/9/26 YJP追記
IKC様にてご確認頂き、問題なければクローズして頂く。
2025/11/18 yjp追記
谷島様に確認した結果、「クローズにて問題無し。」とのことからクローズします。
（補足：北海道現地環境構築の際にも意識して実施する。とのこと）
"
,0076,2025/04/25,千葉,SQLDeveloperのインストール,その他,その他,,"各DBサーバにSQLDeveloperがインストールされていない。

2025/06/30：インストールされたためクローズ","■原因
Oracle 19cではデフォルトでSQLDeveloperがインストールされないため。

■対策
SQLDeveloperをダウンロードしていただきましたので、ダウンロードしていただいたファイルを使用して、インストールを実施します。
⇒運転管理、試験管理、DMZのDBサーバにSQLDeveloperをインストールいたしました。
(JDK同封版を使用)"
,0077,2025/05/07,千葉,サーバの停止・起動手順において、運転管理サーバのみ動作不良,その他,その他,システム停止,"サーバ停止・起動において、運転管理のみ正しくサーバシャットダウンされていない。
（No.75の類似）

2025/06/30問題なく確認できたためクローズ","■原因
UPSのシャットダウンスクリプトにおいて、スリープ設定を行うステートメントがコメントアウトされており、
スリープが動作しなかったため。

■対策
当初定義されていたスリープ120秒を有効化し、停止・起動後の確認も問題なし
起動後の運転管理アプリの確認も問題なし。
"
,0078,2025/07/04,千葉,"（保守_問題点管理表no.1125へ移管）
モニタサーバで不具合",N：製油所モニタ,Y：通信管理,試験依頼機能,"試験依頼機能などで、試験分類選択（試験管理との通信）を行うと取得できない。
運転・試験のデータ単体にはそれぞれアクセス可能。","■原因
製油所モニタサーバがドメインに参加するようになったことにより、製油所モニタ⇔L3.5DMZのEAI通信が失敗していることが直接の原因です。
通信暗号化の際に行われる認証処理のエラー（ログオン失敗）が通信が失敗する理由であることまでは判明していますが、解決方法などについては引き続き調査中となります。

■対策
千葉事業所についてはL4.0製油所APとL3.5DMZの通信を暗号化しない対応を行っています。
北海道製油所についてはEAIの改造も含め、対応についてご相談させていただきます。

2025/09/03 YJP追記
パターン②の内容にて対応致します。

2025/09/26 YJP追記
12月末までに改修内容をターゲット環境へリリース予定。（リリース済みの状態で三鷹出荷の見込み）
ただし、ドメインへの参加は現地移設後となるため、SATでの動作確認となる予定。

2025/12/23
本件は千葉で発生した件ではありますが、まずは新設北海道環境へリリースさせていただき、
出荷後（製油所モニタのドメイン参加後）のSAT期間中に動作を確認いただければと思います。
リリースタイミングについては別途ご相談させてください。

2026/05/19 YJP村上追記
保守_問題点管理表no.1125へ移管したためクローズ致します"
,0079,2025/07/12,千葉,運転制御通信不通,Y：通信管理,Y：通信管理,EAI通信機能,オフラスから運転制御へのタンクマスタ送信がされなかった。,"■原因
タンクマスタ送信がされなかった理由は最適制御試験依頼の受信処理によりSFの処理が止まってしまったためになります。
運転管理が最適制御試験依頼を受信した際、試験管理との通信が行われますが、DMZと運転管理の通信をオープンにした時点では試験管理との通信がオープンしておらず、通信ができなかったことにより処理が止まりました。

また、本原因とは関係ありませんが、取り込もうとしたファイルが古かったという状況も発生しており、原因はFTPフォルダ内のファイルが残っていたためとなります。　※取り込みは出来ていないため、影響は発生していません。

■対策
SFの処理が止まってしまったことについてはSFサービスの再起動により復旧しています。

その後、試験管理との通信が出来ている状態、かつ、FTPフォルダ内のファイルを削除した状態で最適制御試験依頼を再送していただき、問題なく取り込みされたこと確認しています。
FTPフォルダ内の他のファイルについてはファイル名に日付などの情報が付与されているものを除き、ファイル削除の対応を合わせて行っています。"
,0080,2025/07/12,千葉,試験管理試験機接続,L：試験管理,L：試験管理,試験機接続機能,"プロトコルコンバータで接続できないものが2台あり、
その2台については送信先サーバアドレスの変更が未完了。","■原因
　２台の内、1台（10.178.147.66）はLAN線が抜けかかっていたため。
　もう１台（10.178.147.65）はプロトコルコンバータを使用しておらず、ガスクロPC自体のアドレスであった。
■対策
　1台はLAN差し直しの上、サーバアドレス変更まで完了した。
　もう1台はプロトコルコンバータ使用されていなかったため対応無し。
"
,0081,2025/07/13,千葉,（保守_問題点管理表no.1126へ移管）試験管理との通信不可,Y：通信管理,Y：通信管理,試験管理との通信,"0:23頃より試験管理通信ができなくなり、ブレンドシミュレーション、JOB設定等ができなくなった。

2025/07/18：理論的にありうる接続数を確認してクローズ。","■原因
同時間帯に複数の同期通信を行う処理が行われた結果、SFが保持するDB接続数が足りなくなり、処理が待ち状態となったことでその他の同期通信を行う処理が実施不可となりました。
SFが保持するDB接続数について、既設は20でしたが新設は8（新設、既設共にデフォルト値）となっています。

■対策
発生事象についてはAP再起動し、2号機にフェールオーバーしたところ解消しています。

恒久対応として、SFが保持するDB接続数を50に増やす対応を行います。
※DB接続数が既設より増えることについて、Oracle全体のDB接続数の上限が既設が504に対して新設が1952と増えているため、50へ増やすことの影響はないと想定しています。

2025/07/15
運転管理APサーバへ上記の対応を実施いたしました。
緊急性はありませんが製油所モニタAPサーバにも同じ対応を行う(※)ため、適用タイミングについては別途ご相談させていただきます。
※製油所モニタで同期通信を行う処理は試験管理との通信のみであり、本事象が発生する可能性はほぼゼロの状況です。

2025/07/18
百留様よりご質問いただいたSFのDB同時最多接続数について、同期通信処理の件数をもとに接続数の算出を行っています。

2025/08/01
同期通信を行うSF処理は5種類あり、1処理で2接続行うタイミングがありますので、理論上で必要なDB接続数としては5種類×2接続＝10接続＋同時に他のSF処理1種類(※)が動くことを想定した2接続＝12接続となります。
※同期通信（応答を待つ処理）がないため、同時に複数種類のSF処理が動いても順番に処理が行われます（待ち状態が継続することはありません）。
そのため、既設の20接続であれば現状としては問題ない見込みです。

※7/15記載の通り製油所モニタAPサーバにも同じ対応を行うため、進捗はリリース待ちのままとしています。

2025/08/20
製油所モニタAPサーバもSFが保持するDB接続数を50に増やす対応を行いました。

2026/05/19 YJP村上追記
保守_問題点管理表no.1126へ移管したためクローズ致します"
,0082,2025/07/13,千葉,装置受払いの実績取得不可,D：実績管理,D：実績管理,装置受払い実績,装置受払いの実績が入っていない。,"■原因
日別装置稼働実績(204)が受け取れていない模様です。
L3.0、L3.5のEAIに受信ログがありませんでした。
新IRIS側の送信設定を再確認いただきたいです。

■対策
・新IRISから7/12実績の日別装置稼働実績を再送
No.0085と同件"
,0083,2025/07/13,千葉,製油所モニタのリンク最新化,N：製油所モニタ,N：製油所モニタ,製油所モニタのポータルリンクが最新化されていない,製油所モニタのリンクを最新化する。,"■原因
ポータルリンクの更新もれでした。
■対策
ポータルリンクを最新化し、接続できることを確認。
"
,0084,2025/07/13,千葉,リモートデスクトップ接続環境の構築,その他,その他,リモートデスクトップ環境,リモートデスクトップのセットアップができていない。,"■原因

■対策

2025/07/16セットアップを実施"
,0085,2025/07/13,千葉,潤滑油二課タンク在庫受信,G：マスバランス,G：マスバランス,,"4時30分受信の潤滑油二課タンク在庫について、オフラス画面のメッセージ一覧上、データ受信開始メッセージはあるが終了メッセージが見当たらない。

2025/07/13:2025/07/14にリカバリ再取り込みを実施。","■原因
調査中です。
受信とアプリ起動までは問題が無さそうに見えるため、再取り込みの確認をしてみたいと考えています。

2025/07/14YJP
調査の結果、問題のログは伝文の受信ログでした。
その後、取込処理が6:30、7:25に行われており、在庫データの存在も確認できました。
本件、対応不要の認識です。

■対策
問題が無ければ、クローズとしてください。
"
,0086,2025/07/13,千葉,新IRIS連携,Y：通信管理,Y：通信管理,,"新IRISから定刻受信する201（自家燃タンク在庫）/
204（日別装置稼働実績）/
206（潤滑油一課タンク在庫）について、オフラス側で受信を確認できない。

2025/07/13：画面からリカバリを実施する。","■原因
最新のFW許可設定を確認したが特に問題なし。オフラス⇒新IRIS向けの連携（501系の連携）は新IRIS側で受信済。
新IRISからコマンドでEAI代表IPに通信テストを実施するとNG。
新IRISから定刻受信する201（自家燃タンク在庫）/データなし。ログなし
204（日別装置稼働実績）/データなし。ログなし
206（潤滑油一課タンク在庫）について、オフラス側で受信を確認できない。/データなし。ログなし

■対策
2025/07/14YJP
7/13のリカバリ、7/14の定刻処理が正しく受信出来ていることを確認
206(潤滑油一課タンク在庫)では、リカバリデータでエラーが発生しているが、潤滑油二課タンク情報で送られたため

"
,0087,2025/07/13,千葉,アストモスオーダエントリ向け連携,Y：通信管理,Y：通信管理,,"No.0081の類似とみられる。
オフラス⇒アストモスLPGオーダエントリに連携するアストモスタンク在庫が、
アストモス側で受信できていない。
2時はAPサーバで通信異常状態と見られ、その影響の可能性が高い。

2025/07/13：本日再送を実施。17時に実施。","■原因
オフラスに送信ログが出力されていませんでした、APサーバの通信異常の影響と思われます。

■対策
オフラスから再送してくださいますようお願いいたします。

2025/07/13夕方に再送を実施、アストモス側での受信確認済みの認識です。
問題なければクローズとしてください。
"
,0088,2025/07/13,千葉,桟橋端末で帳票印刷ができない,B：作業計画管理,B：作業計画管理,,オフラス帳票印刷でエラーが発生する、新規Excelの「smart concierge」参照を押下するとタイムアウトエラーが発生,"■原因
オフラスキッティングによるWindowsFW設定パブリックに受信規則「Excel」がブロックになっていた
■対策
受信規則「Excel」を通信許可にし、事象解決
※ドングル通信(ArcStar)はパブリック通信となり、千葉特有案件
"
,0089,2025/07/13,千葉,（保守_問題点管理表no.1127へ移管）帳票印刷,L：試験管理,L：試験管理,,"Lab-Aidでの帳票印刷機能使用時、出力を知らせる「レポート出力に成功しました」のダイアログがバックグラウンドで表示される。帳票によっては、ダイアログをOKで消すまで実際の印刷が始まらないものもあるため、気づかずに複数回印刷をかける場合があり、利用不具合が出ている。本事例はFAT環境では発生していなかった。

2025/07/18パッチ適用を実施したが、対応改善せず、引き続き調査を実施。","■原因
　パッチ適用（KB5020613）で改善したという事例が過去にあり、詳細を確認中。
■対策
　Windows11向けのものを確認（下記、KB5020695、対象はKB5020624）
　パッチ適用状況を確認し、適用されていなければ適用して改善するかを確認する。

　https://support.microsoft.com/ja-jp/topic/2022-%E5%B9%B4-11-%E6%9C%88-8-%E6%97%A5-kb5020613-windows-10-version-20h2-windows-10-version-21h1-windows-10-version-21h2-%E3%81%8A%E3%82%88%E3%81%B3-windows-10-version-22h2-%E7%94%A8-net-framework-3-5-%E3%81%8A%E3%82%88%E3%81%B3-4-8-%E3%81%AE%E7%B4%AF%E7%A9%8D%E7%9A%84%E3%81%AA%E6%9B%B4%E6%96%B0%E3%83%97%E3%83%AD%E3%82%B0%E3%83%A9%E3%83%A0-3880a78d-3b33-429a-93fc-eeb0c40b4ad4

上記インストーラをBOXの下記に格納
https://app.box.com/folder/331021923918

2025/07/18YJP追記
本事象については、三鷹環境で再現しておらず、
出光様の予備機に適用頂きましたが、事象は解消しなかったとのことです。
現在、社内開発チームの方へパッチ適用以外の対応方法について、確認中です。

2025/07/29YJP追記
メッセージの親画面をLabaid画面とするよう明示的に指定することで、前面表示できるようになると思われます。
こちらの環境で現象が確認できないため、本対応で改善するかを様子見させていただきたいと考えております。

2025/09/09YJP追記
上記修正版の動作確認エビデンスを格納しましたのでご確認をよろしくお願いいたします。
https://app.box.com/folder/340106017474

2026/05/19 YJP村上追記
保守_問題点管理表no.1127へ移管したためクローズ致します"
,0090,2025/07/14,千葉,ブレンドシミュ結果確認,K：ブレンドシミュレーション,K：ブレンドシミュレーション,"	
[VIKA020101] - ブレンドシミュレータ実行結果","結果欄右側の基材ごとの結果について、スクロールバーがないため結果に表示できない部分がある。Ctrl+マウススクロール等でブラウザ全体を縮小することによってかろうじて参照はできる。
製油所モニタの同画面においても同じ参照不具合あり。","■原因
明細行にてデータが5つ以上ある際、横スクロールして画面表示されるのですが、今回の新旧比較をした際に修正箇所が
二か所あったところ、比較時点で見落としてしまい修正が漏れてしまいました。
■対策
明細行にてデータが5つ以上ある際、横スクロールして確認するためのスクロールバーが出るように修正致します。
"
,0091,2025/07/14,千葉,試験依頼,L：試験管理,Y：通信管理,潤滑油運転管理→オフラス試験管理　試験依頼,"7/14　7:34　潤滑油運転管理システムからLab-Aidへ「D-337」の試験依頼を行ったが、反映されないとの連絡あり。Lab-Aid側のログを見た限り、そもそもこちらまで依頼が飛んできていない。8:39にも同事象発生。
なお、7:51、8:59に送信された依頼については反映されている。

2025/07/18：対策記載のためクローズ","■原因
L3.5DMZのEAIのプロセスが2重に起動していたことにより、処理のタイミング次第で送信されない状況が発生していました。
プロセスが2重起動していた理由については、EAI（InitService）のサービス停止時にプロセスが残る場合があり、サービス停止後にプロセスの状態を確認して残っていたら終了させるという対応が漏れていたためです。

2025/07/16 訂正と追記
上記にてEAI（InitService）のサービス停止時にプロセスが残ると記載しましたが、正しくはEAIが異常終了した後にInitServiceを停止した場合にプロセスが残るという状況でした。
また、上記の状況についてはエラーイベントを監視してEAIが異常終了した際にInitService全体を再起動するタスクスケジューラを組み込む対応を過去に行っています。

今回のケースでは以下の経緯によりプロセスが2重起動となりました。
7/10(木) 9時頃：サーバ再起動　※この時点でプロセスは1つ
7/10(木) 10時頃：EAIが異常終了
⇒本来ならこの時点でタスクスケジューラにより残存プロセスの削除とInitServiceの再起動が行われるはずでしたが、タスクスケジューラが無効化(※)されており、残存プロセスの削除が行われませんでした。
　※別タスクで問題が発生していたためタスクスケジューラ全体を無効化していたと伺っています
7/10(木) 10時10分頃：InitServiceの再起動
⇒この時点でプロセスが2重起動となりました。

■対策
タスクスケジューラについては切替当日の7/12(土)に有効化されており、7/16(水)現在では事象は発生しない見込みです。
2025/07/16:タスクスケジューラ無効にするのは本番移設時には必要な手順のため、北海道で作業が抜けないように残す。

2025/07/17 YJP
本番移設時（出荷時）のタスクスケジューラの設定作業については「IOS20-OFL-SBT 課題管理シート」のNo18に起票しました。
起票内容に問題なければ本問題点についてはクローズとさせていただきます。"
,0092,2025/07/14,千葉,オフラス通信機能停止,Y：通信管理,Y：通信管理,オフラス通信機能,"運転制御との通信機能が停止した。
同時間帯にユーザがAPサーバに大容量のファイルをアップロードしていたため、通信速度が遅くなってタイムアウトした？","■原因
No81と同一の原因のため、こちらはクローズ。
■対策

"
,0093,2025/07/17,千葉,入荷実績計算書の実績入力欄が消滅,D：実績管理,G：マスバランス,入荷実績計算書,"■発生日：2025/07/17
■発生拠点： 千葉事業所
■対応希望日：1週間程度で対応いただければ幸いです。
(来週末、入荷実績計算書を確定後に行う業務があるため)
■事象：入荷実績計算書が、下記の状態です。
・仕様書には実績入力欄がある。
・現在のシステムでは表示されていない。
■あるべき姿：仕様書のように入荷実績入力欄がある
■代替手段：なし
■補足：
","■原因
入荷実績計算書画面(VIGC020701)のテキストボックスに3点リーダ表示が定義されており、
既設と新設でhtmlに変更はなく新しいブラウザのバージョンで許容されなくなったのが原因です。
3点リーダ表示を削除するとテキストボックスが表示されるようになります。
既設ではテキストボックスで登録できる最大桁数13桁より表示領域が十分に大きいので3点リーダ表示がされるパターンはありませんでした。DBでも最大桁数を超えるようなレコードは保持できないためレコードによる3点リーダ表示がされるパターンもありません。
■対策
3点リーダ表示の定義を除外しテキストボックスを表示されるように修正いたします。"
,0094,2025/07/18,千葉,（保守_問題点管理表no.1128へ移管）商品帳票の起動に時間がかかる。,G：マスバランス,G：マスバランス,商品帳票,"2025/07/18：商品関連の帳票マクロの処理速度が遅くなっている。沼田さん連絡待ち。
■発生日：2025/07/18
■発生拠点： 千葉事業所
■対応希望日：1～2週間程度
※業務が滞っている訳ではないのですが、日常業務に時間がかかるため。
 
■事象：オフラス(新環境)からダウンロードするExcelのマクロの処理が、
旧環境のものより時間がかかっています。
(体感ですが、今まで10秒かかっていたものが、15秒くらいになった感じです)
 
全てのExcelマクロを検証したわけではないですが、日常的に使用する、
商品管理と外航通関メニューのExcelは、全体的に時間がかかります。
 
 
＜試したこと(全て効果なし)＞
・chromeのキャッシュクリア
・オフラス、クライアントPCの再起動
・リモートデスクトップで情報系からオフラスに接続
・制御系端末で直接操作
※リモートでも、直接操作でも同じくらい遅い。
 
■あるべき姿：旧環境と同等レベルの処理時間で帳票が出力される。
■代替手段：なし
","■原因
2025/08/04
既設と新設で下記項目を比較し、ボトルネックを調査いたしました。
・帳票データ取得SQL実行速度：既設、新設で大きな差なし。
・帳票作成速度：新設が既設より出力時間に2倍程度時間がかかる。
帳票作成のソースは既設と新設で変更はなく、Excelをバージョンアップ(2016→2024)したことにより
作成処理速度に影響が出ていると仮定し調査継続中です。
マイクロソフトプラットフォームに類似現象の関連記事があり、現象はExcelのアップデートで改善されています。
https://learn.microsoft.com/en-us/answers/questions/5374303/vba-performance-issue-after-august-updates?forum=msoffice-all&referrer=answers
2025/09/16YJP追記
継続調査中
2025/10/29 YJP追記
APサーバ環境上でConciergeManagerからSmartConciergeに接続する際、ConciergeServiceで開いているポートと接続ポートの重複を避けるため空きポートを検索し未使用ポートを使って接続する機能があります。
同一モジュールを使用しているためクライアント環境上の帳票作成時にも空きポートの検索が実行されており、検索時間の累積により帳票作成時間が遅くなっておりました。空きポートの検索の実行条件をAPサーバ環境にのみ絞ることにより、帳票作成時間が既設と同等になることを確認いたしました。
■対策
調査中
2025/9/26 YJP追記
継続して調査中。
現在、想定している対応方法で改善するのではないかと考えている。
2025/10/29 YJP追記
空きポート検索機能の実行条件を追加し、帳票作成時では実行しないようにプログラムを修正します。

北海道にリリース（リリース済）して問題無ければ千葉にリリースする認識
⇒DI部に状況確認要

2026/05/19 YJP村上追記
保守_問題点管理表no.1128へ移管したためクローズ致します"
,0095,2025/07/22,千葉,保税台帳TOP-2451-(M)のガスオイルについて,F：外航通関,F：外航通関,保税台帳,"■発生日：２０２５年7月１８日
■発生拠点：　千葉事業所
■対応希望日： ２０２５年７月２５日希望　　　　　　　　　　　　　　　　　　　　 
■事象：
弊所ではGas Oilを下記の通り管理しており、合計は外貨製品在庫日報と一致しております。
TOP-2451-(M)      2,034.000 kL
TOP-2504-(B)　　2,880.199 kL
TOP-2511-(D)       3,543.444 kL
TOP-2524-(G)   13,818.187 kL
TOP-2525-(G)    27,576.378 kL
合計　　　   　　49,852.208 kL
しかし、オフラスの保税台帳TOP-2451-(M)のガスオイルは下記添付のとおり、2,444.846kLになっております。
過去のBOTTOM OILの事例と同様に3/13以降、日付が前後しているようです。
■あるべき姿：オフラスの保税台帳TOP-2451-(M)のガスオイルが2,034.000kLになる。
■代替手段：なし
■補足： なし
","■原因
　保守問題点No982の対応漏れ。
　Bottom Oilの対応のみでGAS Oilの対応が漏れていたため。
■対策
　データパッチにて対応いたします。

2025/07/24 YJP追記
データパッチを実施いたしました。
保税台帳にて内容のご確認をお願いいたします。"
,0096,2025/07/29,千葉,最適制御システムからのファイル受信処理が起動しない,Y：通信管理,Y：通信管理,FTP受信処理,"■発生日：2025/07/29
■事象
最適制御からファイルを受信している（FTPフォルダにFINファイルが存在している）のに後続処理が起動しない。","■原因
EAIが行っているFTPフォルダのファイル監視のポーリング処理が7/28(月)の22時頃から止まっている（FTP.exeのプロセスが実行中となっている）状態が発生していたため、ファイルを受信しても後続処理が起動していませんでした。

2025/08/01
既設ではFTP.exeのプロセスを監視するためのサービス(※)を設定していましたが、新設では未対応となっていました。
　※同じFTP.exeのプロセスが1分以上残存していた場合に異常とみなしてプロセスを終了させるサービス

■対策
発生した事象への対応として、止まっていたFTP.exeのプロセスを強制終了することで溜まっていた処理が動き出し後続処理が実行されました。
状況については引き続き確認を行います。

2025/08/01
既設に合わせ、L3.5DMZサーバにFTP.exeのプロセスを監視するためのサービスを設定します。
1号機、2号機ともにサービス登録する必要があり、かつ、サービスで使用するモジュールはDドライブに配置される想定のため、導入方法についてはCLUSTERPROの設定変更を考慮してご相談させてください。

2025/08/07
L3.5DMZサーバにFTP.exeのプロセスを監視するためのサービスを設定しました。
類似見直しとして、新旧のターゲット環境から取得したサービス一覧の比較を行います。

2025/08/22
新旧のターゲット環境から取得したサービス一覧の比較を行い、他に対応が必要なサービスがないことを確認いたしました。
比較結果は以下に格納しています。
https://app.box.com/folder/337149611278
・サービス一覧比較.xlsx"
,0097,2025/07/31,千葉,「外貨製造搬出日一覧」不具合,F：外航通関,F：外航通関,外貨製造搬出日一覧,"■発生日：２０２５年7月３１日
■発生拠点：　千葉事業所
■対応希望日： ２０２５年８月１日希望　　　　　　　　　　　　　　　　　　　　　 
■事象：
津波の影響で7/30のバンカー船8信和丸と藤和丸がなくなり、愛栄丸のみ荷役を行った。
8信和丸と藤和丸の情報が残っていたので、「進捗管理」の「中止オーダ削除」で２隻の情報を「削除」をした。
「外貨製造搬出日一覧」の7/30 BF380の「BOTTOM」、「％」、が空欄で、「印刷」ボタンが出てこない。
■あるべき姿：「外貨製造搬出日一覧」7/30 BF380の「BOTTOM」、「％」、が記載され、「印刷」ボタンが押せる。
■代替手段：なし 
■補足： なし
","■原因
進捗管理にて、対象の艀データを削除しても外航通関側には反映されません。
外航通関の削除機能（システム管理者権限にて使用可）にて削除することができますが、現時点においては実績確定まで作業が進んでいることから削除不可能となっております。
データパッチ（対象の艀データの削除）での対応となります。
■対策
データパッチ（対象の艀データの削除）での対応いたします。

"
,0098,2025/08/01,千葉,"（保守_問題点管理表no.1129へ移管）
タンク在庫計算マスタメンテナンス - 検索・削除",M：マスタ管理,M：マスタ管理,VIMX000010_タンク在庫計算マスタメンテナンス - 検索・削除,"■事象
タンク在庫計算マスタメンテナンス - 検索・削除画面のタンクNo.入力欄がタンクNo.の右隣でなく下に表示されている。
■あるべき姿
タンクNo.入力欄がタンクNo.の右隣に表示される。","■原因
既設と新設でhtmlの変更はなくブラウザのバージョンアップによりテーブルの表示サイズ指定の解釈が異なったのが原因です。
表示サイズ指定を修正することでテキストボックスの表示位置が正しくなります。
■対策
表示サイズ指定を修正しテキストボックスが正しい位置に表示されるよう修正いたします。

2026/05/19 YJP村上追記
保守_問題点管理表no.1129へ移管したためクローズ致します"
,0099,2025/08/01,千葉,"（保守_問題点管理表no.1130へ移管）
協定書実績",D：実績管理,D：実績管理,VIDC050102_協定書実績入力,"■事象
協定書実績画面で一部の実績しか協定書実績画面に出力されない。
本出荷は2つのオーダーによってできているが片方しかでておらずもう一方を入力できる画面がない。（進捗管理側で対応）
■あるべき姿
それぞれのオーダーの協定書実績画面が出力される。","■原因
2025/08/07YJP
画面の挙動としては仕様通りでした。
画面では以下の条件で表示を統合して、先頭のものだけにボタンを表示するようになっております。
・オーダ管理番号が同じで同一の船の場合
・同一船、同一回次、同一入出荷区分、同一の作業品名を含む場合
今回のケースでは、下のパターンで、同一船、同一回次、同一入出荷区分で、どちらの出荷にもREGが含まれていたため、
ボタンが統合されて、片方の分しかボタンが表示されていないようになっておりました。
協定書のボタン押下時の表示内容と一覧画面の表示内容で条件に差異があるように見受けられるので、追調査いたします。
調査結果が揃った後、仕様変更対応を行うのか相談とさせてください。
原因、進捗共にまだ調査中のままとしておきます。

■追加調査結果報告 2025/11/21 YJP
11/19に伊藤様が三鷹に来社頂いた際に口頭にてお伝えさせて頂きましたが、
改めて資料を含め調査結果について報告させて頂きます。
本件、一次調査結果の報告通り、基本的には仕様通りなのですが、
今回のケースのように同一船、同一回次、同一入出荷区分の2オーダがそれぞれ複数品名を
設定されていた場合については、ケアしきれていない（仕様が詰められていなかった）のではないか
と想定しております。
※2オーダが同一船、同一回次、同一入出荷で、品名がひとつの設定であれば判定に問題はございません。

本仕様の実現方法が、オーダや協定書情報などを集め終わった後の画面内表示項目を確認(判定に使用)
するという挙動となっているため、一つ上のレコードを確認してどんぶり出荷時や同一オーダ管理番号等の判定に
使用しており、同一品名が続いてしまった場合に今回のケースが発生しております。

■対策
今回の協定書実績一覧において、伊藤様と確認させて頂いた「あるべき」としましては、
4件でまとまらず、2件＋2件で別々に協定ボタンが表示される方が望ましかったと伺っております。
それを実現するためには、下記どちらかの対策が必要になると考えられます。
①統一品名略号以外の情報を判定に加え(例えば税区分など)、まとまりの判定を強化する。
②運用にて、同一船、同一回次、同一入出荷のオーダに対しては、連続して同一品名略号が設定されないよう対応する。
※①の場合、再度仕様を調整し、どのように判定することが望ましいかを検討する必要がございます。

2026/05/19 YJP村上追記
保守_問題点管理表no.1130へ移管したためクローズ致します
"
,0101,2025/08/01,千葉,帳票基盤連携,その他,その他,帳票基盤連携,"■事象
月次締め時の帳票基盤連携実行時、「帳票基盤部品でエラー発生」というログが出力される。ただ、帳票自体はFileVolanteに出力されている模様。（のちに判明⇒出力されているのは、製油所受払月報のみ。）
※製油所受払データを元にSAPが月報出力しているため月報のみ。他はオフラスから帳票基盤に連携するが、連携が出来ていない。

■あるべき姿
全ての帳票がFileVolanteに出力される
","■原因
帳票基盤連携バッチ処理において、Log4jを利用しているがサーバにJDKがインストールされていないため、
ログ出力が出来ない。
また、帳票出力に必要なDB基盤系のFW許可設定が漏れているため、comr-batchが正常に処理されない。

■対策
JDKのインストールとFW許可設定が必要となるが、JDKインストール後にOS再起動が発生するためリリースタイミングは要調整。
⇒8/1夜間にJDKインストール済み（Log出力されたことを確認）
DB基盤系のFW許可は依頼中。⇒対応後、月報以外の帳票出力確認済。
夜間22時定刻のみ出力される帳票確認をもって、本件はクローズ予定。
⇒8/4 22時定刻の帳票も無事出力確認。本件はクローズする。"
,0102,2025/08/05,千葉,DBの一時表領域拡張エラー,その他,その他,,"■事象
　アプリのExceptionログが大量に出力されており、内容を見ると一時表領域拡張エラーとなっている。

■あるべき姿
　一時表領域拡張エラーが出ない。

","■原因
　エグゼDB保守チーム調査中。（2025/08/06）
　⇒8/5まで一時表領域が20GB近く使用状態と想定されたが、8/610時頃の調査開始時には解放されており、
　　600MB程度の使用量であった。（月次処理系が落ち着いた影響？）
　　9月月初で再度、重めのクエリ・セッションが無いかを調査いただく。

2025/09/06　DB保守担当による調査結果
9月月初の一時表領域モニタリング：
⇒9/5 18時の使用量は約12.2GB、使用率は約40.8％となっている状況です。（1営～5営で徐々に増加）
＞＞＞＞＞＞＞＞＞＞＞＞＞＞＞＞＞＞＞＞＞＞
TEMP表領域を使用しているセッションを確認したところ、
対象セッションはいずれもINACTIVE状態で処理自体は完了している一方で、
一時LOB（CLOB/BLOB/NCLOB）のセグメントがTEMP上に残存していることを確認いたしました。

一時LOBは処理中に生成され通常は処理終了時に解放されますが、
一時LOBの明示解放漏れ、グローバル一時表のLOB列の設定などが原因で
TEMPを占有し続ける可能性があります。

つきましては、月初に実行されるバッチやアプリケーション処理の中で、
以下のようなLOBを取り扱う処理が該当しないかご確認いただけますと幸いです。
・DBMS_LOB.CREATETEMPORARYの利用有無と、DBMS_LOB.FREETEMPORARYによる解放手順の有無
・グローバル一時表のLOB列の利用有無と、ON COMMITの設定
・XML/JSON生成やTO_CLOBなど、内部的に一時LOBを生成する処理の有無
＜＜＜＜＜＜＜＜＜＜＜＜＜＜＜＜＜＜＜＜＜

2025/09/11 YJP
現状、DB保守担当様にご連絡いただいているような一時LOBを利用する処理をアプリケーション内で見つけることはできていません。
調査のため、セッションごとの一時表領域の使用状況を確認するためのSQLを準備いたしましたので、千葉ターゲット環境でSQLを定期的に実行した結果をご提供いただけないでしょうか。
確認用のSQLと新北海道環境で実行した際の結果（結果貼り付け用のサンプルとしてお使いください）を以下に格納しています。
　https://app.box.com/file/1982692655485
　・一時表領域の使用状況確認（確認用SQL付き）.xlsx
　　※SQLはSQL Developer上で実行ください。

2025/09/26 YJP
原因の特定には至れていませんが、一時表領域を掴み続けている（使用量が増え続けている）セッションはSFサービス（のJDBCドライバ）が使用しているものと推測しており、SFサービスを停止（再起動）することで一時表領域の使用量がリセットされることが新北海道環境で確認できています。

2025/10/03 YJP
旧システム（語弊はありますが以降は既設と記載します）と新設の変化点として既設のSFサービス内ではDB接続後、未使用となったコネクションを一定時間(※)経過後に切断する設定がありましたが、新設ではその設定がされていませんでした。
　※デフォルト設定の30分となっています。
そのため、既設ではDBのコネクションが残り続けるという事がなく、一時表領域の使用量が溜まることもない状況でしたが、新設ではDBコネクションが残り続けており、結果として一時表領域の使用量が溜まってしまっている状況となっています。

■対策
　緊急措置として一時表領域を20GB⇒30GBへ拡張。（業務処理影響を避けるため）

2025/10/03 YJP
現在、新北海道環境に対してDBコネクションを一定時間（既設と同じ30分）経過後に切断する設定を行い、2日間ほど経過を観察しているところですが、今のところ一時表領域の使用量が溜まる状況は解消されています。
　※確認時、数件のコネクションが数MBの一時表領域を使用していますが、セッション・シリアル番号が変わっているため、設定は有効であると判断しています。

継続して確認を行い、引き続き問題事象が発生していないようであればこれまでの確認結果を送付させていただきます。

2025/9/26 YJP追記
・千葉にて取得頂いたセッションごとのログを確認したところ、北海道と同様の傾向がみられる。
・9/10再起動実施後、2025/9/26時点で40%まで上がっている。
　※9/10～26の間に停電により想定していなかったサービス再起動が発生しているが、それでも40%まで上がっている状況。
・10月の月初の処理のために、暫定対応として事前にSFサービスの再起動を実施頂く。
　※SFサービスのみであれば再起動は1分程度の想定。
　ただし、システム利用制限をかけて頂く必要があるため、伊藤様にて製油所内調整頂き、9/29週に再起動を実施する。
・既設からの変化点としてDBへのセッション数の上限をあげているため、その影響がないかについて社内基盤チームへ問い合わせ中。
・1ヶ月程度で暫定対応が必要となるような状況のため、優先度をあげて調査、対応を進める。

2025/10/07 YJP
新北海道環境に対してDBコネクションを一定時間（既設と同じ30分）経過後に切断する設定を行い、問題が解消したことを確認できましたので、設定変更の内容と確認した結果を以下に格納いたしました。
https://app.box.com/folder/344961993129
　【No0102】一時表領域の使用量が増え続ける.xlsx

また、ご指摘いただいた旧オフラスと他に設定が異なっている個所の見直しについて、取り急ぎ一点修正が必要と思われる個所（クエリのタイムアウト設定）が見つかっていますので、合わせて対応を行います。
　※上記の資料に変更内容を記載しています。

他の見直しについては見直し方法含め、別途ご相談させてください。

2025/10/14 YJP
千葉ターゲット環境へ設定変更を行いました。
他の見直しについて、新旧の設定ファイルに記載されている内容をもとに、差異の有無と差異があった場合の対応要否の見直しを行います。

2025/11/11　IKC
リリース後の表領域モニタリングは問題ないためクローズ。
"
,0103,2025/08/07,千葉,"（保守_問題点管理表no.1131へ移管）
混合計算とSIM計算結果の差が大きい項目がある",L：試験管理,計算エンジン,混合計算,"■事象
混合計算において、C重油の引火点計算の結果がブレンドシミュレータの結果と差が大きい、との連絡を受けた。ヒアリングしたところ、はっきりといつから発生しているかはわからないがここ数週間とのことで切替時期と一致する。現在、詳細と起点を計算ログファイルから情報収集中。（品管担当がオフライン版のブレンドシミュレータで照合計算したところ、現在のブレンドシミュレータと差がないことを確認できたため、混合計算側に原因があると推定しての起票）
■あるべき姿
","■原因
計算エンジンの原因！？
芥川様へ調査依頼をお願いします。
2025/12/22 YJP追記
芥川様と認識合わせ、芥川様のほうで継続調査
■対策

2026/05/19 YJP村上追記
保守_問題点管理表no.1131へ移管したためクローズ致します"
,0104,2025/08/08,千葉,"（保守_問題点管理表no.1132へ移管）
月次処理でMB品名マスタにSAP品目コードが未設定なためメッセージが多数出力されている件",G：マスバランス,G：マスバランス,MB品名マスタ,"■発生日：2025年08月04日
■発生拠点： 千葉事業所
■対応希望日：1～2週間程度(実害はないため期間の延長は可能です)
■事象：ご質問いただいた件(添付メール参照)、潤滑油担当に確認したところ、SAP品目コードとSAP評価タイプは、そもそも登録する認識がなかったとのことです。(潤滑油のシステム側の制約で、あえて登録していない。というわけではないようです)
そのため、各システムへ影響がなければ、SAP品目コードとSAP評価タイプを登録して、オフラスでエラーが出力されないようにしたく、SAP品目コードとSAP評価タイプを登録した場合の影響について、調査のほど よろしく お願いします。
>>現状のエラーメッセージの原因をご確認いただき、オフラスからSAPに送信すべきではない、で統一されてるかをご確認いただければと思います。
■あるべき姿： 製油所受払月報処理実施時、オフラスで本件 起因のエラーが出力されない。
■代替手段：なし(実害はないため)
","※YJP追記（2025/12/02）、(2026/05/14記載追加)：
■原因
MB品名マスタにSAP品目コードが設定されていないことで、エラーメッセージが出力されております。
※こちらは意図的に送信処理内で「SAP品目コードが設定されていない場合は送信対象外とする」よう作成されています。
また、出力されるメッセージに「エラー」と「情報」に2パターンが混在することも、フィルタにて表示を絞れない一因となっているようです。

■対策
上記の通り、ソースコードから調査した結果では仕様通りという認識です。
(SAPに連携する/しないをSAP品目コードの設定有無によって判定しております。)
今回エラーの出ている品名については、SAP品目コードが設定されていないため意図的にエラーを出力しています。
対策としては、必要に応じて3つの案が考えられます。
-------
①SAP品目コードを設定頂く。
上記の通り、SAP品目コードを設定することで、上記の品名についてもSAP連携されるようになります。
(登録した場合の影響がこちらになります。その他処理としては特に影響ない認識です)
　→SAP側へ連携されても問題ない場合はこちらが最も対応し易い内容かと思います。
-------
②仕様変更にて、メッセージ種別を変更し、メッセージ画面でフィルタできるように対応する。
現行通り、SAP連携したくない品名には設定しないまま運用頂く。
ただし、その場合に出力されるメッセージが多いということですので、メッセージ一覧画面内のフィルタにて、
表示させないように対応します。ただし、月次処理内で上記判定をした結果のメッセージには、
「受払月次データ」「伝票データ」の送信処理では本項目は「種別:エラー（赤文字）」で設定されており、
「引落後在庫」の設定処理では本内容は「種別:情報（黒文字）」で設定されております。
「エラー」と「情報」が混在しているため、現状では「情報」にてフィルタしても、「SAP品目コードが…」のメッセージが
表示されてしまいます。これらのメッセージを全て「エラー」か「警告」に統一することで、
「情報」でフィルタした場合には、正常系のメッセージのみ確認できるようになります。
-------
③仕様変更にて、SAP品目コード設定可否によるメッセージを出すか、出さないか判定するフラグ（システム定数）を追加する
システム定数の設定を見て、既存通りメッセージを出すか、それとも出さないようにするかを切り替え可能なよう仕様変更にて処理を追加します。
システム定数の追加及びプログラム内にて同フラグを判定する処理を追加して対応いたします。

2026/05/19 YJP村上追記
保守_問題点管理表no.1132へ移管したためクローズ致します"
,0105,2025/08/14,千葉,（保守_問題点管理表no.1133へ移管）ブレンドサーキュレーションJOBに、マイナス数量が計上される,D：実績管理,D：実績管理,タンク受払実績一覧,"■発生日：2025/08/14
■発生拠点： 千葉事業所
■対応希望日：1～2週間程度(実害はないため期間の延長は可能です)
 
■事象：ブレンドサーキュレーションJOBで、しばしばマイナス数量が計上されます。
マイナス数量のシフトは ありえないため、現状、手修正で0へ修正する運用としています。
 
そのため、マスタの設定等でブレンドサーキュレーションのマイナス数量のJOBを
手修正不要にすることが可能であるか否かを調査いただきたいです。
なお、本事象はオフラス更新前より発生しています。
","※YJP追記（2025/12/02）：
■原因
日締め処理（タンク受払）にて、ブレンダーサーキュレーションJOBにマイナス計上されたデータが入ることがある。
＜調査中につき、現状の調査状況を連携いたします＞
まず画面側（タンク受払実績一覧）側の表示項目についてを調査しましたが、
こちらは特定の条件にてDBからデータを紐づけて持ってきている内容となっていたため、
問題はデータ作成部であると考えられます。
過去データも振り返りましたが、3/31にも同様のデータが存在していたように見受けられました。
今回の事象が7/31であったため、日締め処理内で月を跨ぐケースをケアした処理が働き、それにより計算値に
問題が生じているのではないかと考え、現在締め処理内の調査を進めている段階です。
調査結果の報告まで、今しばらくお時間を頂けますよう、宜しくお願い申し上げます。

■対策
調査中

2026/05/19 YJP村上追記
保守_問題点管理表no.1133へ移管したためクローズ致します"
,0106,2025/08/18,千葉,「輸入JET継続保税作業」不具合,F：外航通関,F：外航通関,継続保税作業,"■発生日：２０２５年8月18日
■発生拠点：　千葉事業所
■対応希望日： ２０２５年８月１8日希望　　　　　　　　　　　　　　　　　　　 
■事象：
輸入JETの継続保税作業を下記の通り入力し確定をクリックすると。
下記エラーメッセージがで保税作業ができない。
「ORA-01438:この列に許容される指定精度より大きな値です」
■あるべき姿：輸入JET継続保税作業の保税作業ができる。
■代替手段：なし
■補足： なし
","■原因
終了届番号で「輸入台帳の許可・承認番号」を選択した場合に、内部の価格計算時に数量の単位変換処理が誤っており、桁あふれが起きていたためです。

■対策
数量の単位変換処理を修正いたします。"
,0107,2025/08/29,千葉,石連週報用の、国家備蓄在庫 修正依頼,G：マスバランス,帳票,石連週報,"■発生日：2025年08月29日
■発生拠点： 千葉事業所
■対応希望日：1～2週間程度
■事象：石連週報用の国家備蓄在庫(製品備蓄量)を修正したく、
ご対応よろしく お願いします
※滞留油は、前回から変更ありません。
■あるべき姿：国家備蓄数量が正しい値(添付Excel)となる
■代替手段：なし
","■原因
テンプレートシート（備蓄在庫量）に固定に数量を保持しているため帳票プログラムを改修いたします
■対策
テンプレートシート（備蓄在庫量）の国家備蓄数量を修正いたします。"
,0108,2025/09/26,千葉,石連週報ダウンロード時、徳山事業所のデータも出力される,G：マスバランス,帳票,石連週報,"■発生日2025年09月25日
■発生拠点： 千葉事業所
■対応希望日：1～2週間程度(緊急ではありません)
■事象：オフラスから石連週報(Excel)をダウンロードすると、
千葉事業所のデータのみが出力されるべきところ、徳山事業所のデータも出力されます。
■あるべき姿：千葉事業所のみ出力される。
■代替手段：石連週報(Excel)から、徳山事業所のデータを削除して使用する。","■原因
テンプレートシートに徳山事業所のデータが残っていたため。

■対策
テンプレートシートに残っているデータを削除いたします。

2025/9/26 YJP追記
現時点で対応、エビデンス確認まで完了し、リリース待ちの状態。"
,0109,2025/09/30,千葉,ボンド出荷のオーダー重複,F：外航通関,F：外航通関,外貨搬出実績数量確定,"■発生日：２０２５年９月３０日
■発生拠点：　千葉事業所
■対応希望日： ２０２５年９月３０日希望
■事象：
船用品出荷「A ONTAKE」のJOBを２つ作成してしまった。
オーダ管理番号：2509170015は使用していないが、「作業」まで確定してしまった。
外貨搬出実績数量確定で下記エラーメッセージが表示され、「確定」が出来なくなってしまった。
■あるべき姿：外貨搬出実績数量確定の「確定」ができる。
■代替手段：なし
■補足： なし","■原因
仕様通りです。
■対策
データパッチにて対応いたします。
データパッチ後に後続作業にて外貨搬出実績数量の確定を実施願います。"
,0110,2025/10/02,千葉,潤滑油HTBSのIMWについて,F：外航通関,F：外航通関,保税作業品IMW輸入申告情報作成,"■発生日：２０２５年１０月１日
■発生拠点：　千葉事業所
■対応希望日： ２０２５年１０月１０日希望
■事象：
潤滑油HTBSのIMWを登録したいが、使用原油の数量477.289kLは正しくない。
正しくは1000.000kL×148,265円/kL（鑑定単価）×0.00000433899278kL/円（VAC保税作業終了届参照） = 643.321kLである。
ただ、台帳引落に問題なければそのまま「登録」で確定したいため、確認いただきたい。
■あるべき姿：なし
■代替手段：なし
■補足： なし","■原因
仕様通りです。
継続保税作業の登録時に設定された鑑定単価を計算に使用しており、継続保税作業届テーブルに110,000[円/kL]が登録されていたため使用原油の数量が477.289kLとなっています。

■対策
台帳引落に影響はないので、そのまま登録で確定願います。"
,0111,2025/10/16,千葉,DW保税作業でのIM原油の選択について,F：外航通関,帳票,保税作業届,"■発生日：２０２５年１０月１５日
■発生拠点：　千葉事業所
■対応希望日： ２０２５年１０月３１日
■事象：
①継続保税作業終了届について
DW-2514-Kの保税作業届に記載するIM原油は移入承認年月日が新しい
IM番号21624098960のQATAR MARINE CRUDE OILを記載されなければいけないところ、
IM番号21622075150のARABIAN EXTRA LIGHT CRUDE OILが記載されており、
横浜税関から修正するように指導があった。
取り急ぎ手修正で対応したが、移入承認年月日が新しいものを選択するようになっているか確認いただきたい。

②VAC保税作業終了届について
また、VACの保税作業終了届はこれまでTOP保税作業で使用した全てのIM原油を記載するようになっていたが、
TOP保税作業終了届を2申告使用できるように改修した際に、
移入承認年月日が新しいものを1申告だけ記載するように改修されたのか確認したい。
■あるべき姿：移入承認年月日が新しいIM原油を継続保税作業で記載する。
■代替手段：なし
■補足： なし","■原因
①継続保税作業終了届について
移入承認数量が大きいものを選択するようになっておりました。

②VAC保税作業終了届について
保守問題点No965にて移入承認年月日が新しいものを1申告だけ記載するように改修しております。

■対策
①移入承認年月日が新しいものを選択するように修正いたします。"
,0112,2025/10/17,千葉,DW保税作業でのIM原油の選択について（帳票価格表示）,帳票,帳票,,"■発生日：２０２５年１０月１７日
■発生拠点：　千葉事業所
■対応希望日： ２０２５年１０月３１日
■事象：
画面の方は使用したARABIAN LIGHT CRUDE OILとMURBAN CRUDE OILの両方が選択されておりますが
数量はそれぞれ全量の数量が表示されダブルカウントとなっております。
帳票の方はMURBAN CRUDE OILの方の価格が「#VALUE!」になっております。
■あるべき姿：移入承認年月日が新しいIM原油を継続保税作業で記載する。
■代替手段：なし
■補足： なし","■原因
1つの終了届で使用された移入番号をすべて分けて表示していたため

■対策
1つの終了届で使用された移入番号を帳票の移入番号欄に古い順にカンマ区切りで表示するように修正
品名欄に最新の移入番号の品名を記載するように修正
2025/11/14 確認NG
詳細仕様に関して別途打合せにて明確にしたあとで対応予定

2025/11/20 YJP追記
打つ合わせにて画面についての修正は問題なく、
帳票については仕様確認中
当該問題は画面の問題項目とし、帳票部分については保守問題点管理表に移管(新規起票No1060)いたします。"
,0113,2025/10/24,千葉,"（保守_問題点管理表no.1134へ移管）
IS通関したガソリンの輸入台帳について",F：外航通関,F：外航通関,,"■発生日：２０２５年１０月２３日
■発生拠点：　千葉事業所
■対応希望日： ２０２５年１０月３１日
■事象：
IS通関したガソリンを積戻し、台帳引き落としを行った。
輸入台帳のIS通関許可日が8/8から積戻し許可日の10/20に変わってしまった。
（台帳番号216 1916 1860と216 1916 5620の両方とも正しくない）
さらに輸入台帳をExcel出力すると積戻しの価格も表示されなくなった。
（台帳番号216 1916 1860と216 1916 5620の両方とも正しくない）
■あるべき姿： IS通関したガソリンの輸入台帳が正しく出力される。
■代替手段：なし
■補足： なし","■原因
申告種別：ISにおいて輸入台帳にアクセスするパターンの場合の申告許可日の制御ミスのため、変更する必要が無いにも関わらず変更しておりました。
■対策
輸入台帳の申告許可日の変更は実施しないよう修正します。
2025/10/27 YJP追記
今回変更となった申告許可日はデータパッチにて8/8に補正いたします。

2026/02/09 確認NG YJP追記
リリース前に対象データが更新されていたため、許可・承認番号「233 7618 0650」のデータが出力されておりませんでした。
データパッチにて対応いたします。
また、帳票で積戻しが複数の場合に2つ目以降のCIF価格が表示されない問題がみつかりましたのでそちらも対応いたします。

2026/02/12 YJP追記
データパッチ実施いたしました。

2026/05/19 YJP村上追記
保守_問題点管理表no.1134へ移管したためクローズ致します"
,0114,2025/10/28,千葉,（保守_問題点管理表no.1135へ移管）石連週報用の、国家備蓄在庫 修正依頼,帳票,帳票,石連週報,"■発生日：2025年10月28日
■発生拠点： 千葉事業所
■対応希望日：1～2週間程度
■事象：石連週報用の国家備蓄在庫(製品備蓄量)を修正したく、
ご対応よろしく お願いします
※滞留油は、前回から変更ありません。
 
■あるべき姿：国家備蓄数量が正しい値(添付Excel)となる
■代替手段：なし","■原因
テンプレートシート（備蓄在庫量）に固定に数量を保持しているため帳票プログラムを改修いたします
■対策
テンプレートシート（備蓄在庫量）の国家備蓄数量を修正いたします。

2026/05/19 YJP村上追記
保守_問題点管理表no.1135へ移管したためクローズ致します"
,0115,2025/10/29,千葉,（保守_問題点管理表no.1136へ移管）千葉オフラスAPサーバ1号機のEX-SFサービス異常終了,その他,その他,EX-SFサービス,"■発生日：　2025/10/29 15:31頃
■発生拠点：　千葉事業所
■対応希望日：　２週間以内
■事象
2025/10/29　千葉オフラスAPサーバ1号機のEX-SFサービスが異常終了
2026/4/30　千葉L30APサーバにてSFサービスが異常終了

■あるべき姿
EX-SFサービスが異常終了せず、継続稼動すること。
■代替手段
マニュアルでサービス起動。
■その他
イベントログ等は以下Boxに格納しました。
https://jpn01.safelinks.protection.outlook.com/?url=https%3A%2F%2Fidemitsu.ent.box.com%2Ffolder%2F348428956142&data=05%7C02%7CTakeo.Utsushikawa%40yokogawa.com%7Cf9c861b2f0c0447eae7008de16ba58c8%7C0da2a83b13d94a35965fec53a220ed9d%7C1%7C0%7C638973186758095017%7CUnknown%7CTWFpbGZsb3d8eyJFbXB0eU1hcGkiOnRydWUsIlYiOiIwLjAuMDAwMCIsIlAiOiJXaW4zMiIsIkFOIjoiTWFpbCIsIldUIjoyfQ%3D%3D%7C0%7C%7C%7C&sdata=uTq0XtlXIJT9Pjt2ss6HbDCOnUADIUf71Sx51lrHvWY%3D&reserved=0
","■原因
調査中（サービスサポート問合せ中）
2025/12/2 YJP追記
サービスサポートより導入したSFサービスのバージョンが古く、OSとの間に互換性の問題が発生しているとの回答。
提供されたSFサービスの修正パッチを千葉検証環境に導入し動作検証継続中。
■対策
調査中
担当を内部諸事情より那須へ変更（引継ぎが未）

2026/05/07YJP追記
千葉検証機での動作検証について状況について確認し、対応について検討いたします。
SFサービスの自動リカバリが行われなかった件についてはNo.193として起票いたしました。

2026/05/19 YJP村上追記
保守_問題点管理表no.1136へ移管したためクローズ致します"
,0116,2025/11/10,北海道,S-02　3-2,B：作業計画管理,B：作業計画管理,添加剤濃度設定,"■発生日：2025/11/10
■発生拠点：北海道製油所
■対応希望日：10/25
■事象
添加剤濃度一覧-添加剤設定画面において、登録ボタンを押しても添加剤：LIの濃度と数量が自動入力されない。「濃度を入力してください。」とエラーメッセージが表示される。LIの添加剤最新濃度は設定されている。
■あるべき姿
エラーとならず初期表示された内容で確定できること。
■代替手段
エラー後、手入力することで操作可能
","■原因
非互換部位の修正ミスのため表示されない事象となりました
■対策
表示されるように修正いたします"
,0117,2025/11/10,北海道,S-10　3-1,B：作業計画管理,B：作業計画管理,混合比率設定,"■発生日：2025/11/10
■発生拠点：北海道製油所
■対応希望日：
■事象【要望】
複数画面で別々の作業品名の混合比率設定を行うと、後から設定した画面で「出荷作業予定のDB更新処理に失敗しました」とエラーメッセージがでるが、画面再表示すると、それぞれの変更内容が問題なく反映されている。
■あるべき姿
上述のとおり
■代替手段
","■原因
仕様とおり

■対策
優先度：3
同時操作は対応不可のため見積対象外とさせて頂きます。
秦野様と口頭で会話済みです。

2026/07/14　YJP和須津追記
メールにて改めて確認させていただきました。
本件対応不可としてクローズいたします。"
,0118,2025/11/10,北海道,S-10　3-1,B：作業計画管理,B：作業計画管理,添加剤濃度設定,"■発生日：2025/11/10
■発生拠点：北海道製油所
■対応希望日：10/25
■事象
添加剤濃度設定において、○○ppmの計算結果が不適切。添加剤最新濃度の値（単位：％）がそのまま入力される。
■あるべき姿
本来は添加剤最新濃度の値から、添加比率が算出されるはず。
■代替手段
なし
","■原因
調査中（PJT_問題点管理表No.116と関連する事象と判断、No.116にて当項目を踏まえて調査いたします）
非互換部位の修正ミスのため表示されない事象となりました
■対策
表示されるように修正いたします

"
,0119,2025/11/10,北海道,S-10　3-1,B：作業計画管理,B：作業計画管理,一般シフト生産作業予定,"■発生日：2025/11/10
■発生拠点：北海道製油所
■対応希望日：
■事象【要望】
ブレンドシフトにおいて、初めにプロダクトラインを設定した後に払出タンクの形態：2を入力すると、プロダクトラインの情報がクリアされ空欄となる。
プロダクトラインは削除されないようにしてほしい
■あるべき姿
上述のとおり
■代替手段
","■原因
仕様とおり
■対策

優先度：1"
,0120,2025/11/10,北海道,S-10　3-1,B：作業計画管理,B：作業計画管理,一般シフト生産作業予定,"■発生日：2025/11/10
■発生拠点：北海道製油所
■対応希望日：
■事象【要望】
ボイラー生産において払出タンクが1つの場合、以下となる。
・払出タンクの形態を1とし、試験依頼のロット区分をブレンダとするとエラー発生。
・払出タンクの形態を2として登録するとエラー発生。
払出タンクが１つの場合でもエラーとならずに運用させたい
■あるべき姿
上述のとおり
■代替手段
","■原因
仕様とおり
■対策
優先度：1"
,0121,2025/11/10,北海道,S-02　3-1,B：作業計画管理,B：作業計画管理,,"■発生日：2025/11/10
■発生拠点：北海道製油所
■対応希望日：
■事象【要望】
ブレンド生産・出荷時の試験依頼は複数ブレンダーある場合は数字の若い方が初期値として設定されている。例）952・953→952ブレンダ
後にもう一方のブレンダーを使用するようにライン指定を更新しても、試験依頼画面のブレンダーロットは初期値のままであることから、ライン指定変更時に試験依頼画面にも反映してほしい。
■あるべき姿
上述のとおり
■代替手段

","■原因
仕様とおり
■対策
優先度：3"
,0122,2025/11/10,北海道,S-30 1-8,L：試験管理,L：試験管理,試験管理,"■発生日：2025/11/10
■発生拠点：北海道製油所
■対応希望日：11/25週
■事象
ブレンド出荷品、REG、NPRGの製造試験について
試験依頼⇒受付⇒ポップアップ「受付を実行してもよろしいですか？(No.30501001)」⇒「はい」を選択⇒ポップアップ「混合計算が行われていません。受付前に混合計算を行わずに受付を行ってよろしいですか？依頼番号(●●)(No.50000272)」
受付を行った場合は
・計算値が一部取り込まれない。
・普段計算値が取り込まれない硫黄分；質量ppmが取り込まれており、計算値にも誤りがある。（ブレンドSIM計算値：0.0005wt%のため、本来は5wtppmが正しいが、2wtppmと表示されている）
■あるべき姿
計算値の取込および付随した計算結果が正しいこと
■代替手段
","■原因
　PJT問題点3663の対応が入っているため、受入情報は無い場合でも基材が入っていれば、
　混合計算実施の確認メッセージが表示されるようになります。

　硫黄分；質量ppmについては、混合計算対象になっているため、
　確認メッセージが表示されてしまい、かつLabの混合計算ではブレンドシミュレータ結果と合わない状態です。

■対策
　硫黄分；質量ppmは現状実測されているということなので、
　こちらのサンプル別試験項目マスタを混合計算の対象としないようにしていただけば解消できると思います。

2025/12/17
サンプル別試験項目マスタの混合計算対象から外すことで解消を確認しました。"
,0123,2025/11/11,北海道,S33 1-1,L：試験管理,L：試験管理,報告書発行,"■発生日：2025/11/11
■発生拠点：北海道製油所
■対応希望日：11/25週
■事象
報告書出力が完了した際に出る、「レポート出力に成功しました」のポップアップが最前面に出てこない。（ポップアップのOKを押さないと次の報告書が発行されない）
■あるべき姿
ポップアップの最前面表示
■代替手段
","■原因
　千葉の方でもNo89で発生していた環境依存の問題と同件になります。

■対策
　強制的に前面に表示する対応は済んでおり千葉にてご確認中ですが、
　北海道には先行して本対応版をリリースいたします。
"
,0124,2025/11/11,北海道,,B：作業計画管理,D：実績管理,,"■発生日：2025/11/11
■発生拠点：北海道製油所
■対応希望日：11/25週
■事象
添加剤最新濃度　219,230の濃度手入力不可
「数値項目の上限下限が範囲を超えています」のエラーとなる
■あるべき姿
エラーとならずに入力可能
■代替手段","■原因
仕様とおりです。
入力可能な値は、0.00～100.00以内のデータとなります。
上記範囲以外の場合はエラーとしています。
■対策
なし。上記内容にて問題無ければクローズとさせていただきます。

2025/11/25秦野追記
0.00～100.00の範囲内でデータ入力しても同様のエラー発生する。既設オフラス側では変更可能。

2025/12/02YJP追記
添加剤最新濃度メンテナンス画面(画面ID：VIDC020702)における入力チェックの誤りです。
修正致します。

2025/12/03YJP追記
非互換対応時の入力チェック処理の修正漏れのため、新設のみの対応となります。

2026/04/15秦野追記
確認遅れ申し訳ありません。入力値は0.00～100.00の範囲内でしか入力できない事を確認できました。
ただし、LI以外の添加剤についてのみ、不適な数値を入力した場合のエラーメッセージが適切ではありません。
例）タンク代表名：FI、添加剤最新濃度120と登録した場合、「タンク代表品名が「LI」以外の場合、添加剤最新濃度には75.00～100.00以外は入力できません」と表示される。　⇒正しくは「～0.00～100.00以外は～」が正しい。

2026/07/08YJP高山追記（調査結果について追記）：
元は「LI」以外の場合、添加剤最新濃度には75.00～100.00という仕様で作成されておりましたが、
【インシデントNo1164】にてLI以外の場合も、LI同様0～100の入力チェックに変更となったようです。
その際に、メッセージの対応のみが残されてしまった状態のように見えますので、秦野様ご認識の通り、
メッセージについても「～0.00～100.00以外は～」のように修正対応が必要となります。

＜修正結果エビデンス資料＞2026/07/16 YJP高山追記
https://app.box.com/folder/400454284100
・北海道PJTNo124_メッセージ修正結果エビデンス.xlsx


"
,0125,2025/11/11,北海道,S25　7-１,G：マスバランス,G：マスバランス,油量実績　タンク在庫日報,"■発生日：2025/11/11
■発生拠点：北海道製油所
■対応希望日：
■事象【要望】
油種毎の合計を緑の表示で示しているが、タンク一基の油種は緑の表示が出ない。表として見難いので１基の場合も緑の表示で区切っていただきたい。
タンク受払日報画面では１基の場合も緑の表示で区切ってあります。同様にしていただきたい。
■あるべき姿
上述のとおり
■代替手段
[12/17追記]タンク1基の場合でも合計値が出せるようにシステム改造をお願い致します。(田苗)
2025/12/24各所に統一仕様か個別仕様にするかを確認する。（百留）","■原因
仕様変更の要望です。
改造を行うかの協議が必要です。
■対策

優先度：1"
,0126,2025/11/11,北海道,S33 1-2～1-27,L：試験管理,L：試験管理,試験報告書発行,"■発生日：2025/11/11
■発生拠点：北海道製油所
■対応希望日：11/25週
■事象
報告書発行依頼後、エラーのポップアップが表示され、発行されない。
（11/12追記：11/4以前の工程試験の結果は問題なく発行可能。FATにて試験依頼したものについて発行不可）
■あるべき姿
エラーにならず報告書が発行されること。
■代替手段
","■原因
マクロ中に依頼コメントなどを文字列結合する処理があり、そちらが+演算子で結合しようとしておりエラーとなっておりました。
Excelバージョンが変わったことが原因と思われますので、&演算子に変更いただくようご案内いたしました。

■対策
（11/25阿久津記載）
工程試験報告書に使用するExcelのマクロ変更により対応済みです。クローズいただいて構いません。"
,0127,2025/11/11,北海道,S25　7-12,G：マスバランス,G：マスバランス,油量実績　タンク在庫実績,"■発生日：2025/11/11
■発生拠点：北海道製油所
■対応希望日：11/25週
■事象【問合せ】
右端の「タンク状況」の使い方を教えて頂きたい。
【11/13追記】
原因説明で各々状態を「表示」しますと記載いただいております。
つまり、OMCのタンク状態（タンク開放フラグ）が連携され表示されるという認識でよろしいでしょうか。
当画面ではオフラスユーザーがチェックマーク入力して更新する仕様に見えますが、両方可能なのでしょうか。
■あるべき姿
■代替手段","■原因
備考欄の表示条件については、以下の通りです。
（IOS20-OFL-SBM-T2-003_画面個別機能仕様書_VIGC010101_タンク在庫日報）より抜粋）
・タンク在庫のタンク状況がタンク開放中の場合、「”NOT”」と表示します。
・タンク在庫のタンク状況がレベルゲージ故障中の場合、「”RBK”」 と表示します。（*1）
・タンク在庫のタンク状況が温度計故障中の場合、「”TBK”」と表示します。（*1）
（*1）ただし、タンク在庫のタンク状況がタンク開放中の場合は表示しません。

11/14 YJP追記
指摘内容をタンク在庫日報画面と取り違えていました。
以下、訂正内容を記載します。
タンク在庫実績画面の「タンク状況」の以下の項目をチェックにすることによって、
タンク在庫日報の「備考欄」にタンク状況を表示させることができます。
　・NOT:タンク開放区分
　・RBK:レベルゲージ故障区分
　・TBK:温度計故障区分
■対策
なし"
,0128,2025/11/11,北海道,S25　7-４,G：マスバランス,G：マスバランス,増減データグラフ画面,"■発生日：2025/11/11
■発生拠点：北海道製油所
■対応希望日：11/25週
■事象
□ピンクの増減数量と□青の増減累積数量の説明が縦書きになっていて見難い。
■あるべき姿
現行同様横書きに直して下さい。
■代替手段
なし
","■原因
不具合です。（表示崩れ対応漏れ）
■対策
該当画面を修正します。
（対象は千葉、北海道）

2026/04/15秦野追記　
確認し問題なし。"
,0129,2025/11/11,北海道,S25　7-４,G：マスバランス,G：マスバランス,増減データグラフ画面,"■発生日：2025/11/11
■発生拠点：北海道製油所
■対応希望日：11/25週
■事象【問合せ】
11月のグラフが表示されない。月末までデータが揃っていないと表示されない仕様でしょうか。途中でも表示して欲しい。
【11/13追記】
テスト機も11/3まではデータを持っていると聞いておりますので11月データは「当月」ですので表示されるのではないでしょうか。
■あるべき姿
■代替手段
[12/17追記]このままの仕様で問題ありません。修正不要です。(田苗)
","■原因
本件、仕様どおりとなります。
選択した日付（年月）が、当月以降の場合はエラーとなります。
（参照）IOS20-OFL-SBM-T2-003_画面個別機能仕様書_VIGC010202_増減データグラフ_v1.8.pdf
　　　　　　表5 1 入力チェック 一覧

【11/13追記】分（当月分も保持しているデータは表示される）に関しては、仕様変更として対応いたします。
■対策"
,0130,2025/11/11,北海道,S25　7-３,G：マスバランス,G：マスバランス,油量実績　タンク在庫集計,"■発生日：2025/11/11
■発生拠点：北海道製油所
■対応希望日：11/25週
■事象【問合せ】
テストケース分類２の表示では入力画面となっているが入力できない。ただの画面であり、記載間違いですよね。
■あるべき姿
■代替手段
","■原因
事象の記載とおり入力画面でなく参照画面となります。
IKC様ご提示のテストケース記載のミスと判断いたします。
■対策
なし
"
,0131,2025/11/11,北海道,S25　7-３,G：マスバランス,G：マスバランス,油量実績　タンク在庫集計,"■発生日：2025/11/11
■発生拠点：北海道製油所
■対応希望日：11/25週
■事象
タンク在庫日報の製油課タンクの在庫が集計されていない。正常であればその他に載ってくるのではないですか。
■あるべき姿
その他に表示されること
■代替手段","■原因
製油課タンクの在庫は、2025年11月3日までしか取り込まれていません。
その為、2025年11月4日以降のタンク在庫日報には反映されていません。
■対策
"
,0132,2025/11/11,北海道,S25　7-6,G：マスバランス,G：マスバランス,未入荷在庫画面,"■発生日：2025/11/11
■発生拠点：北海道製油所
■対応希望日：11/25週
■事象【要望】
数量がリットル単位で表示しているが、小数点以下まで桁がある。リットル以下の数量の扱いは無いので不要
■あるべき姿
上述のとおり
■代替手段
","■原因
本件、仕様通り（既設通り）です。
仕様変更対応となります。　　　
■対策"
,0133,2025/11/11,北海道,S25　1-22,A：オーダ管理,A：オーダ管理,陸上出荷オーダ入力,"■発生日：2025/11/11
■発生拠点：北海道製油所
■対応希望日：11/25週
■事象【問合せ】
陸上出荷オーダ管理画面にて「新規」ボタンを押すと「新規登録はできません。」とメッセージが表示され、画面展開できない
■あるべき姿

■代替手段
","■原因
11/11 YJP追記
本件、仕様どおりとなります。
選択されている作業日付に既に陸上出荷オーダが登録されている場合は、メッセージを表示し、画面遷移は実行されません。
参照：IOS20-OFL-SBM-T2-003_画面個別機能仕様書_VIAA020501_陸上出荷オーダ管理_v1.8.pdf　
表 4.-1 動作定義一覧No.6 参照
2025/12/03秦野追記
デフォルトですべての日付にオーダー入っており画面遷移できません。こちらは移行後も同様でしょうか（実質オフラスからの新規追加機能は使えない？）
2025/12/04 YJP追記
移行後も同様です。
百留様から12/3の問題点棚卸にてご説明があったとおり、夜間処理テーブル入力（【夜間処理】陸上出荷オーダテーブル入力画面）にてて登録された品名、期間をベースにシステムで自動取得・表示する仕様となっております。
何らしかの支障でオフラス側に取り込めない際、もしくは当初から夜間処理テーブルに登録していない場合に「新規」にて登録していただくことになります。
今回のFATにて「新規」ボタン押下にて遷移される画面の検証を実施していただくとしたら、百留様が仰られていた【夜間処理】陸上出荷オーダテーブル入力画面にて「削除」していただくか、陸上出荷オーダ管理管理画面のオーダ管理Noをクリックすることで展開する陸上出荷オーダ入力－修正・削除画面にて「削除」していただくことで「新規」ボタンの押下が可能となります。
■対策
上述のとおり
"
,0134,2025/11/11,北海道,S25　7-7,G：マスバランス,G：マスバランス,海上出荷積置き在庫,"■発生日：2025/11/11
■発生拠点：北海道製油所
■対応希望日：11/25週
■事象
画面は問題ないが、最近積置きした実績がないので表示状態を確認できませんでした。
■あるべき姿
確認可能であること
■代替手段

","■原因
表示対象となる条件は「CS：20（作業中）」のデータとなります。
現在のデータ状況は「CS：30（終了）」であるため、表示されておりません。
再度JOBを作成していただき終了前に確認してください。

現状況で確認するのであれば暫定対処としてデータパッチ対応にて海上出荷のCS：30（終了）を
CS：20（作業中）に変更いたします。（FATとはいえないことからお勧めできませんが）

2025/11/28 YJP追記
DB上でのCSの変更ではなく、OMC側にて操作、JOBを終了して確認頂く方向で調整済み。

[12/17追記]該当シナリオの頻作業度は少ないが、実施する可能性はあるためFATにて確認したい。ダミーオーダー等を入れてテストを行うことは可能でしょうか。想定としてはダミーオーダーを受信→JOB設定→OMCのCSを無理やり変更（現地OMC）→実績確認　→最後に実績削除　　等の手順で実施可能でしょうか。またはOMC側の操作を行わずに確認可能なほうほうはありますか？　(田苗)
⇒2026/04/15秦野追記　画面の確認は問題なし。挙動については、実動作での確認かまたは三鷹保守環境にて実施とする。


■対策
2026/04/22本番リリース後のため実際発生した場合に問題があればクローズする。"
,0135,2025/11/11,北海道,S-30 1-35,L：試験管理,L：試験管理,,"■発生日：2025/11/11
■発生拠点：北海道製油所
■対応希望日：11/25週
■事象
ブレンド出荷品の試験分類：出荷検査についても
試験依頼⇒受付⇒ポップアップ「受付を実行してもよろしいですか？(No.30501001)」⇒「はい」を選択⇒ポップアップ「混合計算が行われていません。受付前に混合計算を行わずに受付を行ってよろしいですか？
依頼番号(●●)(No.50000272)」が表示される（通常表示なし）
■あるべき姿
確認ポップアップが表示されないこと
■代替手段
","■原因
No.0122と同件になります。

■対策

2025/12/19
サンプル別試験項目マスタの混合計算対象から外すことで解消を確認しました。"
,0136,2025/11/11,北海道,S-30 1-2,L：試験管理,L：試験管理,,"■発生日：2025/11/11
■発生拠点：北海道製油所
■対応希望日：11/25週
■事象
統一品名「REGまたはNPRG」の試験分類「製造」依頼受付後、硫黄分；質量ppm(小数)の計算値が引用されていない。
■あるべき姿
確認ポップアップが表示されないこと
■代替手段
","■原因
調査中
（11/27阿久津記載）硫黄分；質量ppm(小数)についてもNo0122同様に混合計算対象であったため、サンプル別試験項目マスタを修正して次週以降確認します。
■対策

2025/12/19
サンプル別試験項目マスタの混合計算対象から外すことで解消を確認しました。"
,0137,2025/11/12,北海道,S25　7-24,G：マスバランス,G：マスバランス,原油タンク別品名別日報月報,"■発生日：2025/11/12
■発生拠点：北海道製油所
■対応希望日：11/25週
■事象
印刷ボタンを押したあとエクセルの表がエラーが出てデータが表示されない
（9月1日～30日で出力）
■あるべき姿
印刷できること
■代替手段
なし
","■原因
テスト端末T24NOFL00004のエクセルの設定で千葉の設定が残っていた（市川）
■対策
解決　設定を修正していただいた。
11/12 YJP追記
ExcelのSmartConciergeアドインの接続先サーバを北海道環境のIPに設定。"
,0138,2025/11/12,北海道,S25　7-25,G：マスバランス,G：マスバランス,増減推移表,"■発生日：2025/11/12
■発生拠点：北海道製油所
■対応希望日：11/25週
■事象
印刷ボタンを押したあとエクセルの表がエラーが出てデータが表示されない
■あるべき姿
印刷できること
■代替手段
なし
","■原因
テスト端末T24NOFL00004のエクセルの設定で千葉の設定が残っていた（市川）
■対策
解決　設定を修正していただいた。
11/12 YJP追記
ExcelのSmartConciergeアドインの接続先サーバを北海道環境のIPに設定。"
,0139,2025/11/12,北海道,S25 7-18,G：マスバランス,G：マスバランス,"実績管理-実績ファイルメンテ-タンク在庫
商品管理-油量実績取込-油量実績1日データ作成
商品管理-原油実績取込-データ取込
商品管理-原油タンク受払実績","■発生日：2025/11/12
■発生拠点：北海道製油所
■対応希望日：11/25週
■事象
オフラス-実績管理-実績ファイルメンテ-タンク在庫日報で修正した内容が、オフラス-商品管理-原油実績編集-原油タンク受払実績に反映されなかった。
■あるべき姿
正しく反映されること
■代替手段
なし
","■原因
実績を修正した場合、「マスバランスー油量実績1日データ作成」の操作を行うことによって、原油タンク受払実績表に反映されます。
テスト時の操作手順の確認をお願いします。
手順に問題無いようでしたら、再度、調査致します。
（補足）
テスト対象としたタンクが元々開放中のタンクで特殊な設定がしていたため上手く行かなかったと想定いたします。
試しに開放していないタンクで同様のテストを行ったところ、商品管理-マスバランス-原油タンク受払実績の計測在庫は、
実績管理で修正した数量となっておりました。
■対策
なし
"
,0140,2025/11/12,北海道,S5　1-6,D：実績管理,D：実績管理,陸上出荷品名別実績,"■発生日：2025/11/12
■発生拠点：北海道製油所
■対応希望日：11/25週
■事象
陸上出荷JOBを終了させたが該当データは無い旨のエラーメッセージが表示される。
※質問ですが、出荷数量をゼロのまま終わらせるとこのような事象となるでしょうか？陸上出荷システムが無いので出荷数量を計上できませんでした。
■あるべき姿
エラーメッセージが出力されず、実績が表示されること。
■代替手段
なし
","■原因
（※質問に対する回答）出荷数量ゼロの場合は０で表示されます。

作業実績ファイルメンテ画面で出荷実績を確認しましたら、2025年11月12日の陸上出荷実績が存在していませんでした。
又、過去の陸上出荷実績は2025年11月3日までしか存在していませんでした。
その為、2025年11月12日の日付指定でデータ無しの旨のエラーが表示されております。
11/3以前のデータで確認していただきたいです。
■対策
無し"
,0141,2025/11/11,北海道,S25　7-１,G：マスバランス,G：マスバランス,油量実績　タンク在庫日報,"■発生日：2025/11/11
■発生拠点：北海道製油所
■対応希望日：11/25週
■事象【問合せ】
右端の「備考欄」の使い方を教えて頂きたい。入力できないのでどこかの画面のコメントがここに載ってくるのか
■あるべき姿
■代替手段
","■原因
タンク実績画面で設定したタンク状況の内容によって、備考欄に以下のように表示いたします。
・タンク在庫のタンク状況がタンク開放中の場合、「”NOT”」と表示します。
・タンク在庫のタンク状況がレベルゲージ故障中の場合、「”RBK”」 と表示します。（*1）
・タンク在庫のタンク状況が温度計故障中の場合、「”TBK”」と表示します。（*1）
（*1）ただし、タンク在庫のタンク状況がタンク開放中の場合は表示しません。
■対策
なし
"
,0142,2025/11/13,北海道,,G：マスバランス,G：マスバランス,"製油所受払用原油受払データ作成
製油所受払月報処理
滞留品マスタ設定
在庫修正設定
在庫引落マスタ設定","■発生日：2025/11/13
■発生拠点：北海道製油所
■対応希望日：11/25週
■事象【問合せ】
オフラス上では正常に動作することを確認したが
FVCにて出力される帳票が正確かは検証出来なかったため
検証する手段は無いか相談させていただきたい。
■あるべき姿
■代替手段
[12/17追記]12月月初に出力して問題なかったので、締めとしても問題ございません。(田苗)","■原因
FVC（たぶんファイルボランチ）はIKC様担当の認識です。IKC様にて調査願います。
■対策"
,0143,2025/11/13,北海道,"S33 1-11,12",L：試験管理,L：試験管理,成績表発行,"■発生日：2025/11/13
■発生拠点：北海道製油所
■対応希望日：11/25週
■事象
現在使用している成績表様式のExcelシート（10.176.147.12に格納）が一部FAT用の10.176.147.42に格納されていない。現在10.176.147.42に格納されているファイルのままオフラス更新を迎えるのであれば、更新時に10.176.147.12内のファイルが全て移動されているようにしていただきたい。（可能であれば11/25までに移動いただき、次々週発行テストを行いたい）
不足分
・Q105_1_PCN燃料油試験成績表(ENEOS)
・Q105_1_PCN燃料油試験成績表(コスモ千葉)
・Q108_J-A成績表_Issue35
■あるべき姿
成績書が正しく出力されること
■代替手段
なし","■原因
2025年5月頃に現地環境からファイルを持ってきております。
そのため、それ以降に変更・追加されたレポートファイルが未反映です。

■対策
2025年5月以降に変更・追加されたレポートファイルを現地環境から、
新ターゲット機へ格納いただきたいと思います。

2025/12/05
　ご連絡いただきました３ファイルを、ターゲット機のD:\Lab-Aid\Reportに
　格納いたしました。
"
,0144,2025/11/14,北海道,製油所受払月報作成,G：マスバランス,Y：通信管理,製油所受払月報処理画面で,"■発生日：2025/11/13
■発生拠点：北海道製油所
■対応希望日：11/25週
■事象
製油所受け払い月報処理画面で10月の月報処理をしようとしたところ、「[在庫集計]処理でエラーが発生しました。JOBの処理結果を確認してください」のエラーが出る。
■あるべき姿
エラーが発生せず、必要な伝文が作成されるようにしてほしい。
■代替手段
なし
","■原因
OneSAPへの在庫内訳データ送信（通信ID：GFR00341）部分でエラーになっています。
過去データ（2025/10/,2025/9.2025/8)の送信においてもFAT環境では同一のエラーが発生しますが、
検証環境ではエラーが発生しません。
データでは無く、通信環境に問題が有るものと推測されますので引続き調査致します。
2025/12/5 YJP追記
伝文の設定ファイルとして千葉のファイルを使用していたため、
北海道環境にて正常に送信処理が行われていませんでした。

■対策
伝文の設定ファイルを含むEAI関連ファイルについて、
既設と比較を行い、北海道環境で必要なファイルを反映いたします。
L3.5AP、製油所モニタAP、試験管理APについても同様の比較を行い、対応予定です。
YJP検証環境にて確認した結果を「検証結果エビデンス」フォルダに格納いたしました。
　・【No.0144】製油所受払月報処理画面でエラーが発生.xlsx
新ターゲット環境への反映は次回モジュールリリース(12/8)と合わせて実施予定です。
2025/12/11 YJP追記
12/8に新北海道ターゲット環境へ反映いたしました。

2026/03/06 YJP追記
上記で対応したファイル以外にも伝文フォーマットが千葉のものとなっている伝文設定ファイルがあることが判明しました。
拠点ごとにメッセージIDが異なる伝文については上記の中で対応できていましたが、同じメッセージIDで拠点により伝文フォーマットが異なる伝文を考慮できておりませんでした。
全ての伝文設定ファイルに対してファイルの中身についても既設と新設の比較を行った結果、対応が必要なファイルは以下の2件でした。
　201.ini（自家燃タンク在庫）
　507.ini（陸上出荷予定実績（車番別））
比較結果については以下に格納しています。
https://app.box.com/folder/369579575281

上記2ファイル共に既設のファイルを使用する対応を行います。

2026/05/13
⇒那須、喜田に状況確認

2026/05/13　YJP那須 追記
本件について、3月16日に上記2ファイルの既設のファイルを使用する対応が完了しております。
問題は発生していない認識ですが、念のため、進捗について確認中とさせていただきました。"
,0145,2025/11/25,北海道,RIBP010004ブレンド出荷タンク在庫チェック表_帳票,B：作業計画管理,帳票,ブレンド出荷品混合比率・性状及びタンク在庫チェック表,"■発生日：2025/11/25
■発生拠点：北海道製油所
■対応希望日：11/25週
■事象
作業計画で設定した出荷比率が""ブレンド出荷品混合比率・性状及びタンク在庫チェック表""ではズレて出力される
■あるべき姿
基材タンクと出荷比率が正しく割り振られる
■代替手段
なし
","■原因
混合比率の値が設定されていない場合の品名同一チェック処理がされていなかったため

■対策
混合比率の値が入っていないデータがある場合も想定した品名同一チェックの処理になるよう修正いたします。

2026/04/15秦野追記　確認し問題なし"
,0146,2025/11/25,北海道,,Y：通信管理,その他,不要なFTPフォルダの削除,"■発生日：2025/11/25
■発生拠点：北海道製油所
■対応希望日：11/25週
■事象
L35EAIとしてFTP連携しない連携用フォルダが作成されている（IISの設定も入っている）※既設からコピーしたと思うが間違ってるので正しておくべき。

■あるべき姿
FTP連携フォルダは必要な連携分のみであること。

■代替手段
なし
","■原因
フォルダ構成については既設環境からコピーして作成したため、現状使用していないフォルダもそのまま追加していました。

■対策
現在使用していないFTP連携用フォルダを削除し、IISの設定からも削除いたしました。(12/2対応済み)"
,0147,2025/11/25,北海道,,F：外航通関,F：外航通関,,"■発生日：2025/11/25
■発生拠点：北海道製油所
■対応希望日：いつか
■事象【問合せ】
去年の千葉からの持ち込み外貨JETのICTが在庫がないのに残っている。
外航入荷オーダーは強制完了している分。
■あるべき姿
削除。
■代替手段
","■原因
仕様通り
■対策
データパッチにて在庫の削除を行います。
2025/12/17 YJP追記
データ調査の結果、対象は保税終了届番号：ICT-230のみであることが判明致しました。
当該保税終了届番号の残数量を0にするデータパッチを作成致します。
2025/12/18 YJP追記
データパッチを実施いたしました。
内容をご確認願います。"
,0148,2025/11/25,北海道,,F：外航通関,F：外航通関,,"■発生日：2025/11/25
■発生拠点：北海道製油所
■対応希望日：いつか
■事象【問合せ】
外航通関の期限管理一覧が新規登録できない。
申請書類ファイルの保存場所がわからない。
■あるべき姿
新規登録できる。
■代替手段
","■原因
APサーバーのD:\oflsbm\Filepath\F\FileTmpに格納しております。
上述のFileTmpの移行漏れ(圧縮→解凍時のパスミス)が原因で新規登録出来ない事象となっております。
■対策
上述のD:\oflsbm\Filepath\F\FileTmpを現行のAPサーバから新設へ移行いたします。
2025/12/03：期限管理一覧が新規登録できればクローズ

2026/04/15秦野追記
期限管理一覧に新規登録できない。「申請書式ファイルの格納ができませんでした」とメッセージが出て登録できない。
また申請書類ファイルを登録せずに確定ボタンを押すと「申請書類ファイルを入力してください」とメッセージが出て登録できない。
理想の挙動は、申請書類ファイルの有無にかかわらず期限管理一覧に新規登録できること。
エビデンスは格納しております。"
,0149,2025/11/25,北海道,,F：外航通関,F：外航通関,,"■発生日：2025/11/25
■発生拠点：北海道製油所
■対応希望日：11/25週
■事象
内外貨混合のJETのオーダーを入力。外航入荷オーダ一覧でICT後、貨物画面に進めない
■あるべき姿
貨物画面に進み、入力できる。
■代替手段
なし
","■原因
進捗管理にて「件尺入力」「タンク受入搬入計算書作成」が実施されていないため、[貨物]アイコンが押下不可となっております。
■対策
進捗管理にて「件尺入力」「タンク受入搬入計算書作成」が実施後、[貨物]アイコンを押下願います。
ただし、今回のオーダ情報ですが調査のためいろいろとデータ編集を実施してしまい、申し訳ございませんが、再度、オーダ管理の内航入荷から実施願います。お手数をお掛けしますが宜しくお願い致します。（本当に申し訳ございません）
⇒内航オーダ作成後、YJPに連絡し、パッチを当てる。もしくは既設でJOBが動いている（[貨物]アイコンが押せる状態）もののバックアップを取得し、新環境に適応する。"
,0150,2025/11/25,北海道,,帳票,,,"■発生日：2025/11/25
■発生拠点：北海道製油所
■対応希望日：11/25週
■事象
生産シフト作業報告書（日単位）の「オーダーNo. 　JOB No.」が3行で表示されている。以下のように表示される。
「オーダー
　　　No.
JOB No.」
■あるべき姿
以下のように2行で表示したい。
「オーダーNo.
　JOB No.」　　
■代替手段
手修正
2025/11/28:幅を広げる等の調整をお願いします。","■原因
PC端末のディスプレイ設定にて、拡大率が125%になっていたため。

■対策
PC端末のディスプレイ設定にて、拡大率を100％に設定願います。

2025/11/28 YJP追記
2行で表示されるよう、列の幅を修正いたします。"
,0151,2025/11/26,北海道,,F：外航通関,F：外航通関,,"■発生日：2025/11/26
■発生拠点：北海道製油所
■対応希望日：11/25週
■事象
ボンド出荷オーダーで、小名浜石油とCORONA HHATANOSTHYが承認画面から進めない
■あるべき姿
承認画面から作業（出荷実績）画面に進める
■代替手段
なし
","■原因
実績数量が「未」のため、[作業]アイコンが押下できない仕様となっております。
■対策
対象ジョブを運転制御にて終了していただき、実績数量が連携されれば[作業]アイコンが押下可能となります。

本件は画面確認はできているので、対応不要とさせてください　2025/12/04秦野追記"
,0152,2025/11/26,北海道,,A：オーダ管理,,,"■発生日：2025/11/26
■発生拠点：北海道製油所
■対応希望日：
■事象【要望】
同一作業品名のオーダーが複数ある際、需要家区分が""特例""、""特定""となっているものについては、内航出荷オーダー入力画面(VIAA020402)にある""集計しない""に初期値として?を入れた状態としたい
■あるべき姿
上述のとおり
■代替手段
","■原因
仕様通り
■対策
優先度：2"
,0153,2025/11/26,北海道,,F：外航通関,F：外航通関,,"■発生日：2025/11/26
■発生拠点：北海道製油所
■対応希望日：11/25週
■事象【要望】
搬入確認登録画面の通知識別のプルダウンしか見えない。
■あるべき姿
ZまたはMが見えるようにする。
■代替手段
なし
","■原因
仕様通り
■対策
優先度：2"
,0154,2025/11/28,北海道,,その他,その他,,"■発生日：2025/11/28
■発生拠点：北海道製油所
■対応希望日：サーバ移設前まで
■事象
1か月足らずの継続稼動でL30APサーバのメモリが高負荷（11/28時点で90%超）
■あるべき姿
メモリ消費は一概に数値化できないが、せめて定期再起動までは低調に推移すべき。
■代替手段
なし
","■原因
以前、仮想基盤側の割り当てで16GBという誤った設定になっていたが現在は32GBの割り当て。
それにもかかわらず、21日継続稼動で90%超となっている。
何が原因かは特定できていないが、調査をお願いしたい。
(経過観察中)

2025 12/24 YJP追記
SmartConcierge2のサービスを再起動することで、メモリが解放されたため、SmartConciergeが原因であると考えております。
千葉ターゲットでは発生していないため、千葉ターゲットの状況・モジュールを確認させていただき、
比較等を行って、引き続き調査を行います。

2026 1/7 YJP追記
設定ファイルの内容が千葉製油所のものになっておりました。
そのため、処理が正常に終了されず、プロセスが残ってしまったことで、メモリが増えておりました。

■対策
設定内容を北海道のものに修正しました。

2026 1/13 YJP追記
設定ファイル修正後から、メモリが増えていないことを確認しました。"
,0155,2025/12/05,北海道,"試験項目編集のスペックアウト警告文表示対応
No.11",E：品質管理,E：品質管理,VIEX020803_試験項目編集,"■発生日：2025/11/28
■発生拠点：北海道製油所
■対応希望日：
■事象【要望】
計算値がスペックアウトしていても赤文字にならず警告文も出ず。
⇒旧オフラスと同様、スペックアウトしている場合は赤文字となる。
登録する際も警告文が出るようにしたい。
※詳細は下記出光BOX参照
https://app.box.com/folder/354442809292
・オフラス北海道_仕様変更.xlsxのNo.11シート
■あるべき姿
上記のとおり
■代替手段

","■原因
仕様とおり
■対策
初期表示時、計算値テキストからのフォーカスアウト時に、計算値が規格上下限値から外れている場合は、計算値を赤字で表示する。また、登録ボタン押下時に規格上下限値から外れている計算値がある場合は、警告メッセージを表示する。

優先度：1"
,0156,2025/12/05,北海道,"作業実績ファイルメンテの改善要望
No.2",D：実績管理,D：実績管理,入荷作業ファイルメンテ,"■発生日：2025/11/28
■発生拠点：北海道製油所
■対応希望日：
■事象【要望】
SBのコミングル揚荷後の実績修正に時間がかかる。約１時間
４油種で５基に揚荷した場合、４×5＝20行の実績手入力になっている。
原油タンクは1基ごとに油種の割合を把握しているので油種毎の実績修正が必要になっている。
⇒コミングル揚荷の場合、作業品名に対して油種と比率を内部で持たせて実績修正を不要にしたい
※詳細は下記出光BOX参照
https://app.box.com/folder/354442809292
・オフラス北海道_仕様変更.xlsxのNo.2シート
■あるべき姿
上記のとおり
■代替手段

","■原因
仕様とおり
■対策
優先度：1"
,0157,2025/12/05,北海道,"バース実績の追加
No.1",D：実績管理,帳票,,"■発生日：2025/11/28
■発生拠点：北海道製油所
■対応希望日：
■事象【要望】
官庁報告等、各バース毎の着桟隻数実績を求められる事がある。
バース繰り実績を元にどの桟橋に何隻着桟したのかがわかる実績表を作成する機能を付けてほしい。
⇒
・日付範囲を自由に選択可能にする。
・データはExcel化できるようにする。
・実績は荷役完了日をベースにする。
・1ケ月分をA4版におさめ、最終頁に隻数だけ記載する。
  (手間であれば最終頁だけを実績表として作成しても良い)
※詳細は下記出光BOX参照
https://app.box.com/folder/354442809292
・オフラス北海道_仕様変更.xlsxのNo.1シート
■あるべき姿
上記のとおり
■代替手段

","■原因
仕様とおり
■対策

優先度：1"
,0158,2025/12/05,北海道,"C重油の50℃VISの計算値の自動設定
No.7",E：品質管理,E：品質管理,VIEX020803_試験項目編集,"■発生日：2025/11/28
■発生拠点：北海道製油所
■対応希望日：
■事象【要望】
C重油関係の50℃ VIS 計算値が自動入力されない
⇒ﾌﾞﾚﾝﾄﾞSIM結果を他項目と同様に反映させてほしい（動粘度）
※詳細は下記出光BOX参照
https://app.box.com/folder/354442809292
・オフラス北海道_仕様変更.xlsxのNo.7シート
■あるべき姿
上記のとおり
■代替手段

","■原因
仕様とおり
■対策
初期表示時に、ブレンドSIMの計算履歴情報を参照し、Lpp/Hppの値によって、動粘度50℃と動粘度75℃のどちらかに計算値を設定する。

優先度：1"
,0159,2025/12/05,北海道,"試験依頼（船ロット）の複数依頼
No.9",B：作業計画管理,B：作業計画管理,VIBA020101_試験依頼設定,"■発生日：2025/11/28
■発生拠点：北海道製油所
■対応希望日：
■事象【要望】
試験依頼を作成する際、船が一つしかない。
⇒A重油関係はスポット依頼を船ロットで2枚作成する為、船をもう一つ増やしたい（スポット2枚ではなく、いずれかの試験項目＋スポットのイメージ）
※詳細は下記出光BOX参照
https://app.box.com/folder/354442809292
・オフラス北海道_仕様変更.xlsxのNo.9シート
■あるべき姿
上記のとおり
■代替手段

","■原因
仕様とおり
■対策
優先度：2"
,0160,2025/12/05,北海道,"作業日時の分単位での入力可能化
No.10",B：作業計画管理,B：作業計画管理,,"■発生日：2025/11/28
■発生拠点：北海道製油所
■対応希望日：
■事象【要望】
一般シフト生産において、23時跨ぐと当日予定変更不可となる。
その結果、日跨ぎ以降まで操作不可（ｶﾞｿﾘﾝ生産も同様）
⇒作業日時を分単位で入力できれば変更可能（MIX・サーキュレーションと同様にしたい）
※詳細は下記出光BOX参照
https://app.box.com/folder/354442809292
・オフラス北海道_仕様変更.xlsxのNo.10シート
■あるべき姿
上記のとおり
■代替手段

","■原因
仕様とおり
■対策
優先度：2"
,0161,2025/12/05,北海道,"タンク増減メンテナンスのタンク情報量追加
No.8",D：実績管理,D：実績管理,,"■発生日：2025/11/28
■発生拠点：北海道製油所
■対応希望日：
■事象【要望】
タンク情報欄が少ない。SLOP DOWN量が多いとき全て入力不可。
⇒項目を増やしたい（帳票も同様）。　出来れば自分で増やしたい。
※詳細は下記出光BOX参照
https://app.box.com/folder/354442809292
・オフラス北海道_仕様変更.xlsxのNo.8シート
■あるべき姿
上記のとおり
■代替手段

","■原因
仕様とおり
■対策
優先度：2"
,0162,2025/12/05,北海道,"一般シフト生産画面の「コピーを作成」でブレンドSIMの計算値もコピーする
No.12",B：作業計画管理,B：作業計画管理,VIBA020303_一般シフト生産作業予定,"■発生日：2025/11/28
■発生拠点：北海道製油所
■対応希望日：
■事象【要望】
一般シフト生産画面の「コピーを作成」ボタンを押すとJOB情報はコピーできるが、試験項目編集画面の計算値は空欄のままとなる。現状は結果を手入力している。
⇒コピー元データでブレンドシミュレーターを稼働させている場合は、コピー先のJOB試験項目編集画面においても計算値が入力されるようにしたい。
※詳細は下記出光BOX参照
https://app.box.com/folder/354442809292
・オフラス北海道_仕様変更.xlsxのNo.12シート
■あるべき姿
上記のとおり
■代替手段

","■原因
仕様とおり
■対策
優先度：2"
,0163,2025/12/05,北海道,"サクションライン変更後の混合比率保持
No.13",B：作業計画管理,B：作業計画管理,,"■発生日：2025/11/28
■発生拠点：北海道製油所
■対応希望日：
■事象【要望】
混合比率算出後に出荷タンク設定からサクションラインを変更すると混合比率が消えてしまう。
⇒同様操作を行った場合でも、混合比率を消さないようにしたい。
※詳細は下記出光BOX参照
https://app.box.com/folder/354442809292
・オフラス北海道_仕様変更.xlsxのNo.13シート
■あるべき姿
上記のとおり
■代替手段

","■原因
仕様とおり
■対策
優先度：2"
,0164,2025/12/05,北海道,"モニター機能「試験結果参照」を運転管理側にも対応
No.14",B：作業計画管理,X：共通,,"■発生日：2025/11/28
■発生拠点：北海道製油所
■対応希望日：
■事象【要望】
オフラスモニターには「試験結果」ボタンがあり、押下すると試験結果検索画面に遷移する。こちらがオフラス本体からはアクセスできない。
⇒「試験結果」画面が見やすいので、オフラス本体からもアクセスできるよう
※詳細は下記出光BOX参照にしたい。または同等の機能・画面を作成頂きたい。
https://app.box.com/folder/354442809292
・オフラス北海道_仕様変更.xlsxのNo.14シート
■あるべき姿
上記のとおり
■代替手段

","■原因
仕様とおり
■対策
対応不要のためクローズ"
,0165,2025/12/05,北海道,"品転ロットの手動選択
No.6",E：品質管理,E：品質管理,,"■発生日：2025/11/28
■発生拠点：北海道製油所
■対応希望日：
■事象【要望】
品転カードを作成しても、合格しているロットの方に勝手に紐づいてしまい、後で試験依頼を行いたいロットの方の分を作成できない。
⇒自分で時間を指定できるようにしたい。
※詳細は下記出光BOX参照
https://app.box.com/folder/354442809292
・オフラス北海道_仕様変更.xlsxのNo.6シート
■あるべき姿
上記のとおり
■代替手段

","■原因
仕様とおり

■対策
優先度：3
2026/02/02 YJP追記
9/19に品転の試験依頼作成時のタイミングの問題のため、業務運用の確認のお願いをさせて頂きました。
システムにて対応が必要な場合には、詳細な要求仕様をご提示頂きたくお願いいたします。"
,0166,2025/12/05,北海道,"モニターでの推定レベル計算可能化
No.3",D：実績管理,N：製油所モニタ,,"■発生日：2025/11/28
■発生拠点：北海道製油所
■対応希望日：
■事象【要望】
オフラスモニターで推定レベル計算ができない
⇒モニターでも推定レベル計算を実行可能としたい
※詳細は下記出光BOX参照
https://app.box.com/folder/354442809292
・オフラス北海道_仕様変更.xlsxのNo.3シート
■あるべき姿
上記のとおり
■代替手段

","■原因
仕様とおり
■対策

優先度：1"
,0167,2025/12/05,北海道,"実績画面のパフォーマンス改善
No.4",D：実績管理,D：実績管理,,"■発生日：2025/11/28
■発生拠点：北海道製油所
■対応希望日：
■事象【要望】
定時タンク状態比較、タンク状態推移、タンク状態推移比較の各画面に戻るボタンが存在しておらず、作業に時間がかかる。（例：タンク定時在庫→2）タンク状態推移→タンク他各項目選択→タンク状態推移画面遷移→タンク定時在庫照会トップ→2）タンク状態推移・・・・）
⇒定時タンク状態比較、タンク状態推移、タンク状態推移比較の各画面に戻るボタンを設置し、押すと各画面の照会項目選択画面に戻るようにしたい。
またはロード時間を短縮してほしい：現状15秒程度→5秒程度　
※詳細は下記出光BOX参照
https://app.box.com/folder/354442809292
・オフラス北海道_仕様変更.xlsxのNo.4シート
■あるべき姿
上記のとおり
■代替手段

","■原因
仕様とおり
■対策

優先度：1"
,0168,2025/12/05,北海道,外航入荷オーダの着/離桟日時の自動入力と過去作成のオーダ情報と明細の追加,A：オーダ管理,A：オーダ管理,,"■発生日：2025/11/28
■発生拠点：北海道製油所
■対応希望日：
■事象【要望】
外航入荷オーダの新規登録時、着桟予定日時と離桟予定日時を自動入力したい。また、過去に作成したオーダの複製と明細の複製をしたい。
■あるべき姿

■代替手段

","■原因
仕様とおり
■対策
2025/11/27 YJP追記
要望について具現化したうえで再度仕様説明を実施していただく

2026/05/08 YJP追記
No.168では外航入荷オーダの着/離桟日時の自動入力のみ管理いたします。
外航入荷オーダの過去作成のオーダ情報と明細の追加についてはNo.196に別起票いたします。

優先度：1"
,0169,2025/12/05,北海道,外航入荷オーダのSAPからの自動連携,A：オーダ管理,A：オーダ管理,,"■発生日：2025/11/28
■発生拠点：北海道製油所
■対応希望日：
■事象【要望】
SAP（SAISでも）からオフラスへ外航入荷オーダを自動連携したい。
もしくは、LOADING REPORTをインポートして外航入荷のオーダを作成したい。
■あるべき姿

■代替手段

","■原因
仕様とおり
■対策
2025/11/27 YJP追記
実現可否については現在SAP側を含めて確認/検討中とのこと。再度有識者を集めての会話が必要

優先度：3別で検討中"
,0170,2025/12/24,愛知,ブレンドSIMのエラーメッセージが文字化け,計算エンジン,,,"■発生日：2025/12/23
■発生拠点：愛知（新）
■対応希望日：
■事象
ブレンドシミュレータ条件入力画面においてエラーメッセージが文字化けして表示される
計算エンジンから出力されるOUTPUTフィルの文字コードが新旧で異なっていることが原因かと推定
問題点エビデンスを下記BOXに格納致しました
https://app.box.com/folder/308327346025
・170_ブレンドシミュレーン文字化け.xlsx
■あるべき姿
文字化けせずにエラーメッセージが表示される
■代替手段
なし

","■原因

■対策
2026/01/23 YJP追記
対応版の計算エンジンを提供頂き、三鷹検証環境にて文字化けが解消していることを確認致しました。
ターゲット環境構築時にこちらの計算エンジンを配置するように致します。

2026/06/30 YJP追記
愛知では対応済み。千葉/北海道の計算エンジンはIKC様で準備お願いします。"
,0171,2026/01/06,北海道,Lab-Aidのデータ量が多い,L：試験管理,データ移行,DBデータ,"■発生日：以前から
■発生拠点：北海道（起点は北海道だが、全所的な課題）
■対応希望日：未定だが早めに対策を打ちたい
■事象
Lab-Aidのデータ保存量が多くユーザ表領域を圧迫している。
現行は5か月程度を目安に表領域枯渇する可能性があるため拡張予定。
新でも同様に拡張するかは検討中。
以下調査中。
・DBデータの監査ログ削減（YJP）
・業務上の保存期間目安確認（北海道）
・新IRIS連携後の新IRIS側データ保存期間（DI部）

■あるべき姿
ー
■代替手段
ー","■原因
北海道データ状況を調査し、下記に資料格納いたしました。
https://app.box.com/folder/359310037355
　北海道データ調査.xlsx

■対策
関係各位との打合せにて対応協議予定。

2026/03/10 YJP追記
3/3～5
3年以上前の操作ログデータを削除し、
今後も夜間バッチで毎日削除するよう対応済み。"
,0172,2026/02/03,北海道,作業計画数量の入力桁数,A：オーダ管理,A：オーダ管理,,"■発生日：以前から
■発生拠点：北海道
■対応希望日：4月オフラス更新以降
■事象：海上出荷において、客先により１L単位で数量入力したい場合があり。現行仕様では数量単位は「kL」であるが、小数点以下は受け付けられない。小数点以下3桁（0.0001kL単位）で数量入力できるようにしたい。
■あるべき姿：ー
■代替手段：なし","■原因
仕様通りです。

■対策
仕様変更での対応となります。"
,0173,2026/03/16,北海道,新IRIS連携,L：試験管理,L：試験管理,タスクスケジューラ,"■発生日：-
■発生拠点：北海道
■対応希望日：-
■事象：新IRIS送信周期が現行と異なり新環境では30分周期となっている。またタスクの登録状況に差が生じている。
■あるべき姿：現行と新環境のタスク設定が同一となっていること。
■代替手段：なし","■原因
新IRIS送信周期が異なっているのは新環境構築後にIKC様にて現行環境を10分周期に変更いただいたためと認識しております。
またタスク登録状況の違いは、26年3月頭に現行に設置した操作ログ削除タスクで、操作ログが残っている新環境で動かすと
問題が生じるため本番切替時に設置予定のものです。
いずれもここまでの作業に漏れがあったわけではなく他に問題はありません。

■対策
周期変更とタスク設置は本番切替手順に含め実施いたします。"
,0174,2026/04/18,北海道,試験管理DBダンプインポートエラー,L：試験管理,L：試験管理,Oracleインポート,"■発生日：2026/04/19
■発生拠点：北海道
■対応希望日：-
■事象
試験管理のデータインポート時に、インポートが停止。インポート中にアーカイブログがいっぱいになったため。
■あるべき姿
アーカイブログが出力をしないような手順にする。","■原因
DMPインポートによって出力されるログがアーカイブログ容量の上限に達し、インポートが停止していた。

■対策
アーカイブログの容量上限を確認/削除をしながらインポート作業を継続します。
運転管理側の移行作業手順の中にインポート中にログ容量上限に達することによって起こるアーカイブエラーへの
対処としてログ削除方法が手順化されていたため、試験管理側の移行においてもそちらを参考に手順化を行う。
→課題管理表に反映し、クローズとさせてください。
"
,0175,2026/04/18,北海道,,,,制御FW,"■発生日：2026/04/18
■発生拠点：北海道
■対応希望日：-
■事象
制御FWの設定誤り
■あるべき姿
正しい設定に是正。","■原因
制御FWの設定を10.176.146.77のみ許可していたため、末尾75,76の物理サーバとの通信ができない状態でした。
千葉の設定時はオフラスの新IPが不明だったため、10.178.146.0 /24で設定していました。

■対策
末尾75～77まで許可したところ、問題なく通信が行われました。

→課題管理表に反映し、クローズとさせてください。"
,0176,2026/04/18,北海道,,,,,"■発生日：2026/04/18
■発生拠点：北海道
■対応希望日：-
■事象
運転制御とオフラス間の時刻同期不可
■あるべき姿
時刻同期がされる。サーバがフェールオーバーした後も時刻同期がされる。","■原因
　運転管理AP：NTPサーバー機能がオフとなっていました。
　クライアント(制御)：グループポリシーの設定が既設のままになっていました。

■対策
フェールオーバのテストを実施する。

　運転管理AP：レジストリより、以下のEnabledを1に変更し、NTPサーバー機能をオンにしました。
　　HKEY_LOCAL_MACHINE\SYSTEM\CurrentControlSet\Services\W32Time\TimeProviders\NtpServer
　　⇒1号機、2号機ともに対応済みです。
　　※変更する際は、ホワイトリストの状態をUpdateに変更してから実施。
　クライアント(制御)：グループポリシーの設定変更を行いました。

→課題管理表に反映し、クローズとさせてください。"
,0177,2026/04/18,北海道,,,,,"■発生日：2026/04/18
■発生拠点：北海道
■対応希望日：-
■事象
オフラスモニタのスマコンサービス不具合
■あるべき姿
不具合の解消","■原因
　ConciergeService2サービスのスタートアップの種類が「手動」となっていました。

■対策
　以下、新千葉の製油所モニタと同じ設定へ修正しました。
　　ConciergeService2サービスのスタートアップの種類を「自動」に変更し、起動。"
,0178,2026/04/19,北海道,,,,,"■発生日：2026/04/19
■発生拠点：北海道
■対応希望日：-
■事象
ボンド出荷オーダがL30APに送られてない
■あるべき姿
L30APにファイルが連携される。","■原因
　Pollingバッチ内で処理しているFTPホスト名(EAIサーバ名)が旧サーバ名となっていた
　※ファイル名：ftp_org.txt
■対策
　「ftp_org.txt」内に記載しているFTPホスト名を新サーバ名にし、解決
　"
,0179,2026/04/19,北海道,,,,,"■発生日：2026/04/19
■発生拠点：北海道
■対応希望日：-
■事象
L3.5EAIタスクスケジューラ有効化もれ
■あるべき姿
タスクスケジューラは有効化
出荷時～リリース時までの有効化、無効化手順が盛り込まれている事。","■原因
　出光・横河間の意思疎通不足

■対策
　三鷹出荷時の手順にタスクスケジューラ無効化手順を追加
　本番切替時、タスクスケジューラ有効化を工程表に追加

→課題管理表に反映し、クローズとさせてください。"
,0180,2026/04/19,北海道,,,,,"■発生日：2026/04/19
■発生拠点：北海道
■対応希望日：-
■事象
一部ユーザが制御ADにログインできない。（内山さん）
■あるべき姿
ログインできるようにする。","■原因
AD設定もれ？調査中。
ADにユーザ情報があるにもかかわらず、ログインできない状況のため、詳細は運用に入って確認する。

■対策
パスワード変更を実施しログイン可能か確認する。
2026/05/13：ログイン可能になったためクローズ"
,0181,2026/04/19,北海道,,,,,"■発生日：2026/04/19
■発生拠点：北海道
■対応希望日：-
■事象
　OneSAP・BINAS向け連携フォルダ直下にFATテスト時の連携ファイルが残留
■あるべき姿
　テスト時の連携ファイルは削除されていること","■原因
　三鷹出荷時の確認漏れ

■対策
　出荷時の手順に追加

→課題管理表に反映し、クローズとさせてください。"
,0182,2026/04/19,北海道,,,,,"■発生日：2026/04/19
■発生拠点：北海道
■対応希望日：-
■事象
　モニターのタンク定時在庫が丸１日分、取得できない
■あるべき姿
　データ参照できる","■原因
　・旧オフラスモニターを見ていた
　・4/19は出光マシンメンテナンス日に該当しており、DP課によるパッチ適用作業にてOS再起動が掛かり、
　　旧サーバのサービスが起動してしまったため旧モニターが起動できた。

■対策
　製油所モニタ：以下サービスを停止し、スタートアップの種類を「手動」に変更しました。
　運転管理AP：以下サービスのスタートアップの種類を「手動」に変更しました。
　　FREESIA-UI、FREESIA-SF、InitService

愛知以降は、サービスの停止後に、スタートアップの種類を「手動」に変更する手順を追加します。

→課題管理表に反映し、クローズとさせてください。"
,0183,2026/04/19,北海道,,,,,"■発生日：2026/04/19
■発生拠点：北海道
■対応希望日：-
■事象
　Shareフォルダに配置しているマクロファイルの起動ができません。Shareからローカルデスクトップにコピペすると起動可能
■あるべき姿
　Excel実行可能
","■原因
　Excelのバージョンアップに伴い、サーバ上のマクロ実行セキュリティが強化されたため。

■対策
　ホスト名によるアクセスは可能なため、Shareフォルダ上のマクロ実行を行う限定端末にのみ
　hosts設定とExcelマクロの信頼済みサイト設定を追加。
"
,0184,2026/04/19,北海道,,,,,"■発生日：2026/04/19
■発生拠点：北海道
■対応希望日：-
■事象
　ボンドオーダが連携NAS上に滞留し、削除等ができなくなっている。
■あるべき姿
","■原因
　旧EAIサーバが生きておりタスクスケジューラ有効状態であったことで、
　連携NAS上のファイルを新旧でアクセスしに行っていたため。

■対策
　旧EAIサーバのタスクスケジューラ無効化＋EAIサーバ停止。
　⇒愛知に向けて、NW切り離しではなくタスクスケジューラ無効化＋EAIサーバ停止を盛り込む。"
,0185,2026/04/19,北海道,,,,,"■発生日：2026/04/19
■発生拠点：北海道
■対応希望日：-
■事象
　地震ガイダンス連携がオフラスを経由していない。
　従来は地震ガイダンス⇒L3⇒L3.5⇒モニタ⇒北海道現地SVだった形跡あり。
■あるべき姿
　不明","■原因
　

■対策


2026/04/19
現在の連携ルートについて、地震ガイダンス担当の横河商事に確認。
2026/04/21　YJP追記
切替前後の地震ガイダンスシステムからの連携状況を確認致しました。
　4/17 17:26　地震ガイダンスシステム→L2.5EAI　のL2.5EAIのログと伝文ファイルの存在を確認。
　　　　　　　　　（地震ガイダンスの模擬出力機能）
　　　　　　　　　　 L2.5EAI→L3.0EAI　のL2.5EAIのログを確認（L3.0EAIのログは要確認）
　4/18　18:00　切替後の通信確認を地震ガイダンスの模擬出力機能にて実施、連携されていることを確認頂いた。
　　　　　　ただし、L2.5EAI～L4.0EAIまで送受信のログ、伝文ファイルは確認できていない。
　4/20　地震発生時の連携されていることを確認頂いた。
　　　　　　ただし、L2.5EAI～L4.0EAIまで送受信のログ、伝文ファイルは確認できていない。
⇒地震ガイダンスシステムから情報系への連携は以下2系統存在するとのこと。
　　　・地震ガイダンスシステム→プロダクションセンター設置端末
　　　・地震ガイダンスシステム→内湾事務所設置端末　※オフラス経由での連携

2026/04/22再テストを実施し、連携されることを確認したためクローズ"
,0186,2026/04/20,北海道,,,,,"■発生日：2026/04/20
■発生拠点：北海道
■対応希望日：-
■事象
　BINAS向けの10時定刻タンク在庫が連携されていなかった。
　（手動リカバリ済み）
■あるべき姿
　定刻連携される。","■原因
　受信後のデータ変換でタイムアウトが発生しています。
　⇒データ変換batで呼び出しているPowerShellスクリプトファイルのセキュリティが許可されておらず、起動できていませんでした。

■対策
　以下、「D:\eai」配下のPowerShellスクリプトファイルのセキュリティを許可しました。
　・運転管理AP(1、2号機)：SERVICE_recovery.ps1
　・DMZ AP(1、2号機)：PEAI_recovery.ps1、SJISCRLFtoUTF8LF_2.ps1
　・製油所モニタ：SERVICE_recovery.ps1"
,0187,2026/04/20,北海道,,,,,"■発生日：2026/04/20
■発生拠点：北海道
■対応希望日：-
■事象
　アストモスLPGオーダエントリ向AM2時定刻タンク在庫が連携されない。
　（4/19,20分は手動リカバリ済み）
■あるべき姿
　不明","■原因
　2026/04/20時点の推定原因。
　・アストモスLPGオーダエントリ向け連携のカセットが通信不可設定になっていた。
　・連携実行バッチフォルダが、ホワイトリスト信頼済み登録されていなかった。

■対策
　2026/04/20
　・原因記載の上記2点について処置済みのため、4/21 AM2時の連携を見守る。
→連携が問題なく完了したためクローズ。"
,0188,2026/04/20,北海道,,,,,"■発生日：2026/04/20
■発生拠点：北海道
■対応希望日：-
■事象
　外航通関機能　期限管理一覧への新規登録ができない。
■あるべき姿
　新規登録ができる。","■原因
既設環境から対象フォルダーが存在しなかったため。

■対策
対象フォルダーを作成いたしました。
対象フォルダー：APサーバーのD:\oflsbm\Filepath\F\FileTmp"
,0189,2026/04/22,北海道,,E：品質管理,B：作業計画管理,,"■発生日：2026/04/22
■発生拠点：北海道
■対応希望日：-
■事象
　ブレンドシミュレーションの計算後、試験依頼を行った際に計算値が入ってこない。
■あるべき姿
　不具合の是正。","■原因
BS計算履歴管理コードがジョブ情報に設定されないことが原因ですが、
なぜ、ジョブ情報にBS計算履歴コードが設定されていないかを調査中の状況です。

2026/07/08 YJP村上追記
三鷹検証環境にて再現せず、調査難航中
仕様変更（優先）後の対応とさせていただきたい。
⇒手修正にてリカバリ可能であるが運用過多なこともあり不備である本件を優先として対応願う（秦野様）
　⇒了解致しました。
　　 7月末予定の仕様変更は優先に実施させていただき、8月からの再調査実施にて内部(DI部様含め)調整させていただきます
■対策
"
,0190,2026/04/23,北海道,装置切替ジョブステータスが切替中のまま,C：進捗管理,,,"■発生日：　2026/4/23
■発生拠点：　北海道製油所
■対応希望日：　4/25まで（実質、明日中の解消が必要）
■事象
装置受入切替が完了したJOBが切替中のまま残っている。
（オフラス切替後のジョブのようです）","■原因
0:00帯に走行する処理が輻輳していたため左記事象が発生しております

保守_問題点管理表No.1029の改修版が新設環境にリリースしていなかったことが原因です
■対策
改修版のリリースを実施させていただきたく、緊急リリースの調整をお願いします。
→2026/04/28　改修版の緊急リリースを実施しました。"
,0191,2026/04/27,北海道,地震ガイダンスが連携されない,,Y：通信管理,EAI,"■発生日：　2026/4/27
■発生拠点：　北海道製油所
■対応希望日：　２週間以内
■事象
2026/04/27　5:23頃に北海道で発生した地震にについて地震ガイダンス連携が確認できない。（ポータルにあがってない）","■原因
調査中

■対策
2026/04/27　L3運転管理APサーバに受信した形跡がありません。L2.5EAIの確認が必要です。
→2026/05/08　L2.5EAI側を確認したところ、送受信のログや伝文ファイルは確認できませんでした。
2026/05/11　地震ガイダンスシステム側で集録はできているが解析ができておらず、ファイル出力がされていないとのことが原因。
　　　　　　　　　　地震ガイダンスシステム側の不具合は調査中とのこと。
2026/05/11 オフラス側の問題ではないため、いったんクローズ。"
,0192,2026/05/07,北海道,運転制御からのプロセスデータ取り込みに失敗している,,,,"■発生日：　2026/5/3
■発生拠点：　北海道製油所
■対応希望日：
■事象
　運転制御からのプロセスデータ取り込みに失敗している
　　検出日時：2026.05.03 03:22:54
　　ホスト名：S2ABG010（北海道オフラス_ETS-R#1）
　　IPアドレス：10.176.146.75
　　トリガー：イベントログ監視[Application/Error]を検知しました
　　ステータス：'送信(カセット)エラー (INT-10255:コマンドの実行に失敗しました)','EAI01','2351','2351.20260503030005333.Internal.EAI01','Standard_L2.5','SBM_A0788_R','D:\eai\server\log\peai\RcvData\Standard_L2.5\20260503\2351_03030005_Standard_L2.5.xml','D:\omc\Yokogawa\comm_data\20260503\oflas\send\EAISendTmp\2351_202605030300040001.xml','0','0','0'","■原因
EAI関連ログファイルを調査した結果、""EAI_DBA.exe""の異常終了が発生したことが障害の原因であると思われます。
受信したプロセスデータを運転管理へ取り込む処理はEAIがDBへの登録処理を行っていますが、当該プロセスデータのみ受信データの登録が行われておりません。処理終了時のメッセージもログに出力されていないことから、何かしらの原因でプログラムが異常終了したと考えます。

・三鷹検証環境にて本事象の受信データを使用して取り込みえお行いましたが再現できず。
・EAI_DBA.exeの異常終了の要因として、現地環境におけるマカフィーのメモリプロテクトが考慮されますが、メモリプロテクトの検知ログは当日分のみが保存される設定であるため、障害発生日に誤検知等が発生したことの調査は不可能。
・Windows Applicationログが当日分のみの保存される設定であるため、障害発生日時における異常終了の発生要因となるエラー等の調査は不可能。
・サーバおよびネットワークの高負荷が考えられるが検証できず。
上記より一旦再現待ちとさせていただきます。
■対策"
,0193,2026/05/07,千葉,"（保守_問題点管理表no.1137移管）
SFサービスが異常終了した際に、自動リカバリされない",その他,その他,EX-SFサービス,"■発生日：　2025/4/30 13:00頃
■発生拠点：　千葉事業所
■対応希望日：　
■事象
2026/4/30　千葉L30APサーバにてSFサービスが異常終了
　　　　　　　　　自動でリカバリされなかった　
■あるべき姿
EX-SFサービスが自動でリカバリされる
■代替手段
マニュアルでサービス起動。
■その他
","■原因
　異常終了した際のSFサービスのリカバリ条件が「エラー対象がjava.exeの場合」となっていました。
　⇒SFは既設GRANDSIGHTはjava.exeだが、新GRANDSIGHTではSFServece.exeとなったため、
　　リカバリ対象となっていませんでした。

■対策
　リカバリ条件に「エラー対象がSFServece.exeの場合」を追加する必要がございます。
　⇒千葉・北海道での対応が必要です。
　YJP環境にて動作検証を行います。

2026/05/19 YJP村上追記
保守_問題点管理表no.1137へ移管したためクローズ致します"
,0194,2026/05/08,北海道,ボイラーの数量誤り,G：マスバランス,G：マスバランス,他課タンク在庫受信,"■発生日：　2026/05/08
■発生拠点：　北海道
■対応希望日：　2026/05/13
■事象
2026/05/08ボイラーの数量が　A重油ではなくC重油に計上されている。
■あるべき姿
A重油で計上される。
■代替手段
在庫修正設定で暫定対応。恒久対応としてマスタ設定や周辺からの連携内容の見直しを実施。
■その他
","■原因

■対策"
,0195,2026/05/08,北海道,原油伝票が取り込まれない,G：マスバランス,その他,入荷伝票,"■発生日：　2026/05/08
■発生拠点：　北海道
■対応希望日：　
■事象
2026/05/08備蓄原油の伝票がSAPに取り込まれない。（SAPのシナリオにないため、エラー）
■あるべき姿
伝票が取り込まれる。
■代替手段
なし。SAP側で取り込みの対応中
■その他
","■原因

■対策
SAP側で対応中！？"
,0196,2026/05/08,北海道,外航入荷オーダの着/離桟日時の自動入力と過去作成のオーダ情報と明細の追加,A：オーダ管理,A：オーダ管理,,"■発生日：2025/11/28
■発生拠点：北海道製油所
■対応希望日：
■事象【要望】 PJT問題点管理表No.168より分割して起票
外航入荷オーダの新規登録時、着桟予定日時と離桟予定日時を自動入力したい。また、過去に作成したオーダの複製と明細の複製をしたい。
■あるべき姿

■代替手段

","■原因
仕様とおり
■対策
2026/05/08 YJP追記
PJT問題点管理表No.168に起票の内容から、外航入荷オーダの過去作成のオーダ情報と明細の追加については分割してNo.196にて管理いたします。

優先度：1"
,0197,2026/06/04,北海道, 需給調整システムの陸上出荷量について,A：オーダ管理,A：オーダ管理,,"■発生日：2026/06/04
■発生拠点：北海道製油所
■対応希望日：
■事象：
1か月ほど前から需給調整システムに陸上出荷オーダー数量が意図したとおり取り込まれない事象が発生しています。
本来であれば、以下の通りのデータの流れと思われますが、①を実施しても②、③へ変更数量が反映されない状況です。
①「【夜間処理】陸上出荷オーダテーブル入力」画面より各数量を変更
　→
②「陸上出荷月間オーダ入力」画面へ変更内容が反映
　→　
③需給調整システムへ変更数量が連携
念のため確認ですが、更新前後でこちらの処理は変わっておりませんでしょうか？
■あるべき姿
需給調整システムへ変更数量が連携されること
■代替手段

","■原因
陸上出荷オーダ夜間バッチが何かしらの原因で4/29以降実施されていないことが原因です。
根本的な原因としてログ上バッチ処理内で実装しているオーダ管理番号、オーダNOの採番処理が実装されていないように見えるが、プログラム上に不備は無く、環境、基盤も視野にいれて継続調査予定 
■対策
2026/06/11YJP村上追記
SFサービスの再起動（6/10）により4/29以降のオーダ情報がリカバリされていることを確認

2026/07/08:事象際限が難しいため、再現待ちとする。"
,0198,,,,,,,,
,0199,,,,,,,,
e,e,e,e,e,e,e,e,e,e
,,,,,,,,,
